Longitude,Latitude
-163.7128956777287,-78.59566741324154
-163.1058009511638,-78.22333871857859
-161.2451134918464,-78.38017669058443
-160.2462080556445,-78.69364592886694
-159.4824045481545,-79.04633757925897
-159.2081835601977,-79.4970077452764
-161.1276012848147,-79.63420867301133
-162.4398467682184,-79.28146534618699
-163.027407803377,-78.92877369579496
-163.0666043772704,-78.8699659158468
-163.7128956777287,-78.59566741324154
,
-6.197884894220991,53.86756500916336
-6.032985398777611,53.1531900091605
-6.788856573910849,52.26011790629234
-8.56161658368356,51.66930125589936
-9.977085740590269,51.82045482035308
-9.166282517930782,52.86462881124268
-9.688524542672454,53.8813626165853
-8.327987433292009,54.66451894796863
-7.572167934591064,55.13162221945487
-6.733847011736145,55.17286001242378
-5.661948614921968,54.55460317648381
-6.197884894220991,53.86756500916336
,
141.0002104025918,-2.60015105551566
142.7352466167915,-3.28915292726321
144.5839709820332,-3.861417738463416
145.2731278830777,-4.373737888205049
145.8297864117257,-4.876497897972683
145.981921828393,-5.465609226100043
147.6480733583476,-6.083659356310847
147.8911076194162,-6.614014580922343
146.9709053895949,-6.721656589386313
147.1918738140749,-7.388024183790023
148.0846358583493,-8.044108168167647
148.7341052593936,-9.104663588093764
149.3068351584844,-9.07143564213009
149.2666308941613,-9.514406019736029
150.0387284690343,-9.684318129111709
149.7387984560122,-9.872937106977048
150.8016276389591,-10.29368661869748
150.6905749859639,-10.58271290450593
150.0283931825758,-10.65247608809995
149.782310012002,-10.39326710372392
148.9231376487173,-10.28092253992138
147.913018426708,-10.13044076908745
147.1354431500122,-9.492443536011983
146.5678808941506,-8.942554619994155
146.0484810731849,-8.067414239131281
144.744167922138,-7.630128269077446
143.8970878440097,-7.915330498896296
143.2863757671843,-8.24549122480908
143.4139132020807,-8.983068942910982
142.6284314312442,-9.326820570516524
142.0682589052003,-9.159595635620022
141.0338517600138,-9.117892754760483
140.1434151551925,-8.29716765710095
139.1277665549281,-8.096042982620979
138.881476678625,-8.380935153846075
137.6144739116929,-8.41168263105974
138.0390991558352,-7.597882175327321
138.6686214540148,-7.320224704623087
138.4079138531023,-6.232849216337485
137.9278397971108,-5.393365573756
135.9892501161135,-4.54654387778907
135.1645976095998,-4.462931410340822
133.6628804871979,-3.538853448097541
133.3677047059467,-4.024818617370315
132.9839555197473,-4.112978610860253
132.756940952689,-3.746282647317123
132.7537886903193,-3.31178720460705
131.9898043153162,-2.820551039240499
133.0668445171434,-2.460417982598436
133.7800309592035,-2.479848321140182
133.6962117860261,-2.214541517753702
132.2323734884943,-2.212526136894319
131.8362219585447,-1.617161960459647
130.9428397970829,-1.432522067880783
130.5195581401801,-0.9377202286860893
131.8675378765136,-0.6954611141017892
132.3801164084167,-0.3695378556369491
133.9855481304284,-0.7802104630604559
134.1433679546477,-1.151867364103623
134.422627394753,-2.769184665542376
135.4576029806947,-3.367701104346857
136.2933142437188,-2.307042331556154
137.4407377463276,-1.703513278819365
138.3297274110447,-1.702634779470401
139.1849206890429,-2.051295668143673
139.9266841981604,-2.408999932468021
141.0002104025918,-2.60015105551566
,
114.2040165548284,4.525873928236805
114.5999613790487,4.900011298029966
115.4507104838698,5.447729803891534
116.220741001451,6.143191229675566
116.7251029806197,6.924771429873999
117.1296260926005,6.92805288332454
117.6433931824463,6.422166449403249
117.6890751485923,5.987490139180154
118.3476912781522,5.708695786965492
119.18190392464,5.407835598162207
119.1106938009418,5.016128241389808
118.4397270040641,4.966518866389606
118.6183207540648,4.478202419447555
117.8820349467702,4.137551377779516
117.3132324565335,3.234428208830593
118.0483297058854,2.287690131027333
117.875627069166,1.827640692548925
118.9967472677382,0.9022191430660627
117.8118583517178,0.7842418481437078
117.478338657706,0.1024746769170264
117.5216435079666,-0.8037232397532676
116.5600484558795,-1.487609144703917
116.5337968282752,-2.483517347832901
116.1480839376487,-4.012726332214022
116.0008577820491,-3.657037448749058
114.8648030945446,-4.106984144714396
114.4686515645951,-3.495703627133828
113.7556718282641,-3.43916961020652
113.2569942566475,-3.118775729996905
112.0681262553407,-3.478392022316051
111.70329064336,-2.994442233902654
111.0482401876282,-3.049425957861211
110.223846063276,-2.934032484553455
110.0709355001243,-1.592874037282463
109.571947869914,-1.314906507984475
109.0918738139225,-0.4595065242570939
108.9526575053282,0.4153754744443177
109.0691361837141,1.341933905437614
109.6632601257737,2.006492824711103
110.3961352885371,1.663774725751395
111.1688529805975,1.850636704918813
111.370081007942,2.697303371588859
111.7969283386729,2.885896511238059
112.9956148621152,3.102394924324855
113.7129354187587,3.893509426281156
114.2040165548284,4.525873928236805
,
-93.61275590694046,74.97999726022438
-94.15690873897391,74.59234650338688
-95.60868058956564,74.66686391875176
-96.82093217648455,74.92762319609658
-96.28858740922982,75.37782827422338
-94.85081987178917,75.64721751576089
-93.97774654821797,75.29648956979595
-93.61275590694046,74.97999726022438
,
-93.84000301794399,77.51999726023455
-94.29560828324529,77.49134267852868
-96.16965410031007,77.55511139597685
-96.43630449093614,77.83462921824362
-94.42257727738641,77.820004787905
-93.7206562975659,77.63433136668031
-93.84000301794399,77.51999726023455
,
-96.75439876990876,78.76581268992702
-95.5592779202946,78.41831452098033
-95.83029496944934,78.05694122996324
-97.30984290239799,77.85059723582181
-98.12428931353404,78.08285696075761
-98.55286780474668,78.45810537384507
-98.63198442258553,78.87193024363837
-97.33723141151266,78.83198436147676
-96.75439876990876,78.76581268992702
,
-88.15035030796028,74.39230703398503
-89.7647220527584,74.51555532500116
-92.42244096552946,74.83775788034099
-92.76828548864282,75.38681997344214
-92.88990597204175,75.88265534128267
-93.89382402217599,76.31924367950056
-95.9624574450358,76.4413809272224
-97.1213789538295,76.7510777859476
-96.74512285031237,77.16138865834507
-94.68408586299944,77.09787832305837
-93.57392106807313,76.77629588490605
-91.6050231595366,76.7785179714946
-90.7418458727493,76.44959747995681
-90.96966142450802,76.07401317005947
-89.82223792189926,75.84777374948565
-89.18708289259985,75.61016551380762
-87.83827633334965,75.56618886992725
-86.37919226758864,75.4824213731821
-84.78962521029058,75.69920400664653
-82.75344458691006,75.78431509063124
-81.12853084992436,75.71398346628199
-80.05751095245915,75.33684886341591
-79.83393286814837,74.92312734648716
-80.45777075877587,74.65730377877777
-81.94884253612557,74.44245901152432
-83.22889360221143,74.56402781849094
-86.09745235873332,74.41003205026117
-88.15035030796028,74.39230703398503
,
-111.2644433256309,78.15298187937769
-109.8544518705471,77.99632477488488
-110.186938035913,77.69701487905034
-112.0511911690585,77.4092288276169
-113.5342789376191,77.73220652944111
-112.7245867582539,78.05105011668196
-111.2644433256309,78.15298187937769
,
-110.963660651476,78.8044408230652
-109.6631457182026,78.60197256134565
-110.8813142566189,78.40694570587611
-112.5420914376152,78.4079017198735
-112.5258908760916,78.55055451121522
-111.5000103422334,78.8499935981305
-110.963660651476,78.8044408230652
,
-66.28243445500821,18.51476166429536
-65.7713028632093,18.42667918545388
-65.59100379094295,18.22803497972392
-65.84716386581377,17.97590566657186
-66.59993445500949,17.98182261806927
-67.18416236028527,17.94655345303008
-67.24242753769435,18.37448598883908
-67.10067908391774,18.52060110114435
-66.28243445500821,18.51476166429536
,
-77.56960079619921,18.49052541755049
-76.89661861846213,18.40086680752408
-76.36535905628554,18.1607005884476
-76.19965857614164,17.88686717373297
-76.9025614081757,17.86823781989175
-77.20634131540348,17.70111623785982
-77.76602291534061,17.86159739834224
-78.33771928578561,18.22596792243223
-78.21772661000388,18.4545327824592
-77.79736467152563,18.52421845140478
-77.56960079619921,18.49052541755049
,
-82.26815121125706,23.18861074471771
-81.40445716014683,23.11727142993878
-80.6187686835812,23.10600596769915
-79.67952368846025,22.76530324959883
-79.28148596873208,22.39920156502706
-78.34743445505649,22.51216624601709
-77.99329586456028,22.27719350838593
-77.14642249216105,21.65785146736783
-76.52382483590856,21.20681956632437
-76.19462012399319,21.22056549731401
-75.59822241891267,21.01662445727413
-75.67106035022806,20.735091254148
-74.9338960435845,20.69390513761138
-74.17802486845126,20.28465363207589
-74.29664811877726,20.05037852628068
-74.96159461129294,19.92343537035569
-75.63468014189459,19.8737743189232
-76.323656175426,19.95289093676206
-77.75548092315307,19.85548086189188
-77.08510840524674,20.41335378669879
-77.49265458851661,20.67310537361389
-78.13729224314159,20.73994883878343
-78.48282670766119,21.02861338956585
-78.71986650258401,21.59811351163843
-79.28499996612794,21.5591753199065
-80.21747534861865,21.82732432706904
-80.51753455272141,22.03707896574176
-81.82094336620318,22.19205658618507
-82.16999182811864,22.38710927987075
-81.79500179719267,22.63696483000196
-82.77589799674085,22.68815033618706
-83.49445878775936,22.16851797127613
-83.90880042187563,22.15456533455733
-84.05215084505326,21.91057505949125
-84.54703019889638,21.80122772876165
-84.97491105827311,21.89602814380109
-84.44706214062776,22.20494985604191
-84.23035702181178,22.56575470630376
-83.7782399156902,22.78811839445569
-83.26754757356575,22.98304189706064
-82.51043616405751,23.07874664966519
-82.26815121125706,23.18861074471771
,
-55.60021826844206,51.31707469339794
-56.13403581401709,50.68700979267928
-56.79588172059528,49.81230866149089
-56.14310502788433,50.15011749938286
-55.471492275603,49.93581533466846
-55.82240108908096,49.58712860777905
-54.93514258484564,49.3130109726868
-54.47377539734379,49.55669118915912
-53.47654944519137,49.24913890237404
-53.78601375997125,48.51678050393362
-53.08613399922626,48.68780365660358
-52.95864824076222,48.15716421161447
-52.64809872090421,47.53554840757552
-53.06915829121839,46.65549876564492
-53.521456264853,46.61829173439477
-54.17893551290251,46.80706574155698
-53.9618686590605,47.62520701760193
-54.24048214376214,47.75227936460765
-55.40077307801157,46.88499380145313
-55.99748084168583,46.91972036395327
-55.29121904155279,47.38956248635099
-56.25079871278059,47.63254507098738
-57.32522925477708,47.57280711525797
-59.26601518414682,47.60334788674247
-59.41949418805368,47.89945384377489
-58.79658647320744,48.25152537697942
-59.23162451845657,48.52318838153781
-58.3918049790652,49.12558055276418
-57.35868974468606,50.71827403421587
-56.73865007183203,51.28743825947855
-55.87097693543532,51.63209422464921
-55.40697424988659,51.5882726100657
-55.60021826844206,51.31707469339794
,
-83.88262630891977,65.10961782496354
-82.78757687043883,64.76669302027467
-81.6420137193926,64.45513580998697
-81.55344031444432,63.97960928003714
-80.81736121287886,64.057485663501
-80.10345130076664,63.72598135034862
-80.99101986359572,63.41124603947496
-82.54717810741704,63.65172231714521
-83.10879757356511,64.10187571883971
-84.10041663281388,63.569711819098
-85.52340471061905,63.05237905542405
-85.8667687649824,63.63725291610349
-87.22198320183678,63.54123810490519
-86.35275977247133,64.0358332383707
-86.2248864407651,64.82291697860823
-85.88384782585486,65.7387783881171
-85.1613079495499,65.6572846543928
-84.97576371940592,65.21751821558898
-84.4640120104195,65.37177236598022
-83.88262630891977,65.10961782496354
,
-78.77063859731078,72.35219900175032
-77.8246239895596,72.74961660429098
-75.60584469267573,72.2436784939374
-74.228616095665,71.76714427355789
-74.09914079455771,71.33084015571758
-72.24222571479768,71.55692454699452
-71.20001542833518,70.92001251899718
-68.7860542466849,70.52502370877427
-67.91497046575694,70.12194753689765
-66.9690333726542,69.18608734809182
-68.8051228502006,68.72019847276444
-66.4498660956339,68.06716339789203
-64.86231441919524,67.84753856065159
-63.42493445499679,66.92847321234059
-61.8519813706806,66.86212067327783
-62.16317684594226,66.16025136988962
-63.91844438338418,64.9986685248329
-65.14886023625368,65.42603261988667
-66.72121904159852,66.38804108343219
-68.015016038674,66.26272573512439
-68.1412874009792,65.68978913030439
-67.08964616562342,65.10845510523696
-65.73208045109976,64.64840566675856
-65.32016760930125,64.38273712834605
-64.66940629744968,63.39292674422749
-65.01380388045888,62.67418508569598
-66.27504472519048,62.94509878198612
-68.7831862046927,63.74567007105183
-67.36968075221309,62.88396556258484
-66.32829728866726,62.28007477482201
-66.16556820338015,61.93089712182582
-68.87736650254465,62.33014923771282
-71.02343705919385,62.91070811629588
-72.23537858751902,63.39783600529522
-71.88627844917127,63.67998932560887
-73.37830624051838,64.19396312118384
-74.83441891142263,64.67910146753995
-74.81850257027673,64.38909332951793
-77.70997982452008,64.22954234481678
-78.5559488593542,64.57290639918013
-77.89728105336198,65.30919220647475
-76.01827429879717,65.32696889918314
-73.95979529488268,65.45476471624094
-74.29388342964964,65.81177134872938
-73.94491248238262,66.31057811142666
-72.65116716173942,67.28457550726391
-72.92605994331605,67.72692576768235
-73.31161780464572,68.06943716091287
-74.84330725777684,68.55462718370127
-76.86910091826672,68.89473562283025
-76.22864905465738,69.14776927354741
-77.28736996123715,69.76954010688321
-78.1686339993266,69.82648753526887
-78.95724219431673,70.16688019477543
-79.49245500356366,69.87180776638884
-81.30547095409176,69.74318512641436
-84.94470618359851,69.96663401964442
-87.06000342481789,70.26000112576538
-88.68171322300148,70.4107412787608
-89.51341956252303,70.76208934191324
-88.46772111688082,71.21818553332132
-89.88815121128755,71.22255219184997
-90.20516028518205,72.23507436796079
-89.436576707705,73.12946421985238
-88.40824154331287,73.53788890247121
-85.82615108920098,73.80381582304518
-86.56217851433412,73.15744700793844
-85.77437130404454,72.53412588163387
-84.85011247428822,73.34027822538708
-82.31559017610101,73.7509508328106
-80.60008765330768,72.71654368762417
-80.74894161652443,72.06190664335072
-78.77063859731078,72.35219900175032
,
-94.50365759965237,74.13490672473922
-92.42001217321173,74.1000251329422
-90.50979285354263,73.85673248971206
-92.00396521682987,72.96624420845852
-93.19629553910026,72.77199249947334
-94.26904659704726,72.02459625923599
-95.40985551632266,72.06188080513458
-96.03374508338244,72.94027680123183
-96.01826799191102,73.43742991809582
-95.49579342322404,73.86241689726417
-94.50365759965237,74.13490672473922
,
-100.4383599515641,72.70589834257204
-101.54,73.36
-100.3564269681654,73.84386505807139
-99.16386410194966,73.63338694934659
-97.38,73.76
-97.12,73.47
-98.05359595415875,72.99053213163567
-96.54,72.56
-96.72000000000001,71.66
-98.35964962440737,71.2728591986861
-99.3228466458956,71.35639415148593
-100.0148199124999,71.73825714790671
-102.48,72.48292128497508
-102.48,72.83000000000001
-100.4383599515641,72.70589834257204
,
-107.8194339668931,75.84552582468096
-106.9289198474234,76.0128282742259
-105.8809993151927,75.9693942328846
-105.7049893868065,75.47952749297376
-106.3134793770434,75.00526703561509
-109.6999910144267,74.85000519479418
-112.2230669828613,74.41695669218826
-113.7438010323465,74.39427073841215
-113.8713384672429,74.72029734974156
-111.794204271271,75.16249258086312
-116.3121972319011,75.04343008086265
-117.7104064604223,75.22223053659253
-116.3460194568361,76.19901845977351
-115.4048624337204,76.47887217885015
-112.5905639311049,76.14134756133579
-110.8142124092879,75.54918732370321
-109.0671097481481,75.47322296823417
-110.4972550118257,76.42980540638904
-109.5811093819392,76.79417593047903
-108.54859,76.67832000000001
-108.21141,76.20168000000001
-107.8194339668931,75.84552582468096
,
-122.854924486159,76.11654287383568
-121.157534552884,76.86453339304443
-119.1039389718211,77.51221995717462
-117.570130784966,77.4983189968881
-116.1985865955074,77.6452867703262
-116.3358133614584,76.87696157501061
-117.1060505847688,76.53003184681911
-118.0404121570382,76.48117178008714
-119.8993167794414,76.05323924427815
-121.4999942696822,75.90001862253276
-122.854924486159,76.11654287383568
,
-121.5378730945522,74.44894440377693
-120.1097690499501,74.24136017526048
-117.5556355457081,74.18575633411443
-116.5844286772147,73.8960582546862
-115.5107991199187,73.47520539010118
-116.7679316882831,73.22292104765224
-119.22,72.52000000000001
-120.46,71.82000000000001
-120.46,71.3836017930876
-123.0921968250271,70.90164154731742
-123.62,71.34
-125.9289487374734,71.8686884630114
-125.5,72.29226081179497
-124.80729,73.02256
-123.94,73.68
-124.917744310386,74.29272654895861
-121.5378730945522,74.44894440377693
,
-166.4677921214246,60.38416982689775
-165.6744296946636,60.29360687930625
-165.5791641917336,59.90998688418753
-166.1927701487673,59.75444082298899
-166.848337368822,59.94140615502099
-167.4552770660901,60.21306915957936
-166.4677921214246,60.38416982689775
,
-153.2287294179211,57.96902008730477
-152.5647906158351,57.901427313867
-152.1411472239064,57.591058661522
-153.0063140533369,57.11584219016593
-154.0050902984581,56.73467682558108
-154.51640275777,56.99274892844669
-154.6709928049712,57.46119578717253
-153.7627795074415,57.81657461204373
-153.2287294179211,57.96902008730477
,
-132.7100076974615,54.04000926372134
-131.7499887765592,54.12000438090915
-132.0494795399067,52.98462148702441
-131.1790417143824,52.18043284769826
-131.5778287423788,52.18237071390922
-132.1804276193343,52.63970713969229
-132.5499916248697,53.10001496033216
-133.0546119861998,53.41146881775528
-133.239665290237,53.85108022726224
-133.180004849156,54.1699754909354
-132.7100076974615,54.04000926372134
,
-125.4150007801146,49.95000051533258
-124.9207673816751,49.47527497008329
-123.9225079008768,49.06248362893579
-123.5100007801069,48.51001089130338
-124.0128899809553,48.37084625914137
-125.6550119698942,48.8250045843385
-125.9549936593485,49.17999583596752
-126.8500036284276,49.53000031188039
-127.0299926421002,49.81499583597007
-128.059335496922,49.99495901142652
-128.4445832996579,50.53913768167607
-128.3584128488112,50.77064809834367
-127.3085802885857,50.55257355407198
-126.6950001697681,50.40090322529532
-125.755005866379,50.29501821552928
-125.4150007801146,49.95000051533258
,
-171.7316568675394,63.78251536727593
-171.1144335602453,63.59219106714495
-170.4911124339407,63.6949754909735
-169.6825054596536,63.43111562769119
-168.6894394603007,63.29750621200056
-168.7719408844547,63.18859813094544
-169.5294398672051,62.97693146427792
-170.2905562002159,63.19443756779442
-170.6713856679909,63.3758218451389
-171.5530631175387,63.31778921167511
-171.7911106028912,63.40584585230046
-171.7316568675394,63.78251536727593
,
-105.4922891914932,79.30159393992916
-103.5292823962379,79.16534902619163
-100.8251580472688,78.80046173777872
-100.0601918200522,78.32478017853204
-99.67093909381364,77.90754466420744
-101.303940192453,78.01898489044486
-102.949808722733,78.34322866486023
-105.1761327787315,78.3803323432458
-104.2104294502771,78.67742015249176
-105.4195804512585,78.91833567983649
-105.4922891914932,79.30159393992916
,
32.94696089044081,35.3867033961337
33.66722700372495,35.37321584730552
34.57647382990046,35.67159556735879
33.9008044776842,35.24578176527376
34.00488081232004,34.97809784600186
32.97982710137845,34.57186941175544
32.49029625827754,34.70165477145648
32.25666710788596,35.10323232679663
32.80247358575275,35.14550364841138
32.94696089044081,35.3867033961337
,
26.2900028826017,35.29999034274793
26.16499759288766,35.00499542900977
24.7249821306423,34.91998769788964
24.73500735850692,35.08499054619759
23.51497846852808,35.27999156345098
23.699980096133,35.70500438083549
24.24666507334871,35.36802236586018
25.02501549652891,35.42499563246197
25.76920779796419,35.35401805270908
25.74502322765159,35.1799976669662
26.2900028826017,35.29999034274793
,
49.54351891459575,-12.46983285894055
49.80898074727909,-12.89528492599955
50.05651085795716,-13.55576140712198
50.21743126811407,-14.7587887508768
50.47653689962553,-15.22651213955054
50.37711144389596,-15.70606943121913
50.20027469259318,-16.00026336025677
49.86060550313868,-15.41425261806692
49.67260664246086,-15.71015186937019
49.86334435405016,-16.45103687913878
49.77456424337271,-16.8750420060936
49.49861209493412,-17.10603565843827
49.43561852397031,-17.95306406013437
49.04179243347394,-19.11878101977445
48.54854088724801,-20.49688811613413
47.93074913919867,-22.39150115325108
47.54772342305131,-23.78195891692852
47.0957613462266,-24.94162973399045
46.28247765481709,-25.17846282318411
45.40950768411045,-25.60143442149309
44.83357384621755,-25.34610116953894
44.03972049334976,-24.98834522878231
43.76376834491117,-24.46067717864999
43.69777754087445,-23.5741163062506
43.34565433123763,-22.77690398528387
43.254187046081,-22.05741301848412
43.43329756040464,-21.33647511158019
43.89368289569293,-21.16330738697013
43.8963700701721,-20.83045948657817
44.37432539243966,-20.07236622485639
44.46439741392439,-19.43545419685905
44.23242190936617,-18.96199472420091
44.04297610858416,-18.33138722094317
43.96308434426091,-17.40994475674678
44.31246870298628,-16.85044402432267
44.4465173683514,-16.21621917080451
44.94493655780653,-16.1793738745804
45.50273196796499,-15.97437346767854
45.87299360533626,-15.79345427822469
46.31224327981721,-15.7800184058288
46.88218265156429,-15.21018238694631
47.70512983581236,-14.59430266689176
48.00521487813126,-14.09123259853038
47.86899580260987,-13.66386850347659
48.29382775248138,-13.78406788498749
48.84506025573879,-13.08917489995866
48.86350874206698,-12.48786793381042
49.19465132019332,-12.04050505945968
49.54351891459575,-12.46983285894055
,
167.2168013857696,-15.89184620530842
167.844876743845,-16.46633310309717
167.5151811058229,-16.59784962327999
167.1800077659778,-16.15999521247095
167.2168013857696,-15.89184620530842
,
166.7931579938409,-15.66881072353669
166.6498592470955,-15.39270354580121
166.6291369977464,-14.62649708420961
167.1077124372015,-14.93392017991395
167.2700281110302,-15.74002084723489
167.0012073102479,-15.61460214606252
166.7931579938409,-15.66881072353669
,
134.2101339051688,-6.89523772545472
134.1127755067309,-6.142467136259
134.2903357280858,-5.783057549669017
134.4996252788679,-5.445042006047871
134.7270015809522,-5.737582289252167
134.7246244650667,-6.214400730009288
134.2101339051688,-6.89523772545472
,
-48.66061601418252,-78.04701873159873
-48.1513964503784,-78.04707040803102
-46.66285681821098,-77.83147633250933
-45.15475765642109,-78.04707040803102
-43.92082780615574,-78.47810352977753
-43.48994971370611,-79.0855599913685
-43.37243750667439,-79.51664478954731
-43.33326677099714,-80.0261227355129
-44.88053666846427,-80.33964365022769
-46.50617387550203,-80.59435678499433
-48.38642086444183,-80.82948455192233
-50.48210689960646,-81.02544158317313
-52.85198808451179,-80.96668547965729
-54.16425940613162,-80.63352752067158
-53.98799109558404,-80.22202809033138
-51.85313432474216,-79.94772958772612
-50.99132646341059,-79.6146233051727
-50.36459469257476,-79.1834868305616
-49.91413123228649,-78.81120981233094
-49.30695899107312,-78.4585698383712
-48.66061601418252,-78.04701873159873
,
-66.29003089055513,-80.25577280061798
-64.03768775089767,-80.29489185986293
-61.88324561221718,-80.39287037548831
-61.13897579613348,-79.98137094514813
-60.61011918805844,-79.6286792947561
-59.57209469261159,-80.04017872509628
-59.86584937197473,-80.54965667106185
-60.15965572777019,-81.00032683707929
-62.25539343936711,-80.86317758577665
-64.48812537296979,-80.92193368929253
-65.74166642928991,-80.5888274067391
-65.74166642928991,-80.54965667106185
-66.29003089055513,-80.25577280061798
,
-73.9158186510023,-71.26934457792578
-73.23033077665059,-71.15178069446176
-72.07471655952358,-71.19095143013901
-71.78096188016042,-70.68147348417342
-71.72217993842841,-70.30914478951048
-71.74179114448319,-69.50578297310102
-71.1738154771632,-69.03547576281268
-70.25325151231577,-68.87874114367142
-69.72444658067303,-69.25101816190208
-69.48942216660959,-69.62334685656502
-69.05851823594381,-70.07401702258245
-68.72554114447112,-70.50515349719356
-68.45134599473043,-70.95582366321098
-68.33383378769872,-71.40649382922841
-68.51012793646244,-71.79840789172998
-68.78429724798698,-72.17068490996063
-69.95947099473648,-72.30788583769555
-71.07588863797011,-72.50384286894634
-72.38813412137378,-72.48420582467543
-71.89849992540829,-72.09234343860615
-73.07362199572549,-72.22949268990878
-74.19003963895912,-72.3666936176437
-74.95389482288145,-72.07275807076753
-75.01262508818117,-71.66125864042735
-73.9158186510023,-71.26934457792578
,
-102.3307250638764,-71.89416432076682
-101.7039674548244,-71.71779265735465
-100.4309185453141,-71.85499358508957
-98.98154964882391,-71.93333505644407
-97.88474321164506,-72.07053598417899
-96.78793677446619,-71.95297210071497
-96.20034990109144,-72.5212061501964
-96.98376461463623,-72.44286467884193
-98.19808325884682,-72.48203541451917
-99.43201310911218,-72.44286467884193
-100.7834551664093,-72.50162078235779
-101.8018684558014,-72.305663751107
-102.3307250638764,-71.89416432076682
,
-122.6217345854419,-73.65777760202387
-122.4062438627848,-73.32461964303816
-121.2115105864129,-73.50099130645033
-119.9188504708478,-73.65772592559158
-118.724143032692,-73.48135426217942
-119.2921187000119,-73.83409758900375
-120.2322163562657,-74.0888107237704
-121.62282914924,-74.01046925241592
-122.6217345854419,-73.65777760202387
,
-127.2831296456819,-73.46176889434079
-126.558471035653,-73.24622649525139
-125.5595655994511,-73.48135426217942
-124.0318810698226,-73.87326832468099
-124.6194679431973,-73.83409758900375
-125.9121797351947,-73.73611907337835
-127.2831296456819,-73.46176889434079
,
165.7799898623264,-21.08000497811563
166.5999914899338,-21.70001881275353
167.1200114280869,-22.15999073658349
166.7400346214448,-22.39997608814695
166.1897322939687,-22.12970834726045
165.4743754417522,-21.67960662199823
164.8298153017757,-21.14981983814195
164.1679952334136,-20.44474659595163
164.029605747736,-20.10564584725235
164.4599670758627,-20.1200118954295
165.0200362490421,-20.45999114347773
165.4600093935751,-20.80002206795826
165.7799898623264,-21.08000497811563
,
152.6400167177425,-3.659983005389691
153.0199935243847,-3.980015150573265
153.1400378765987,-4.499983412294092
152.8272921083683,-4.766427097190991
152.638673130503,-4.176127211120921
152.4060258323249,-3.789742526874583
151.9532369325835,-3.462062269711816
151.38427941305,-3.035421644710112
150.6620495953388,-2.741486097833935
150.9399654482045,-2.500002129734007
151.4799841656546,-2.779985039891379
151.8200150901351,-2.999971612157886
152.2399894553711,-3.24000864015364
152.6400167177425,-3.659983005389691
,
151.3013904156539,-5.840728448106752
150.7544470562767,-6.083711032743138
150.2411967307538,-6.317753594593028
149.7099630067933,-6.316513360218025
148.8900647320505,-6.026040134305404
148.3189368023607,-5.747142429226166
148.4018257997569,-5.437755629094717
149.2984119000208,-5.58374155031926
149.8455619651272,-5.505503431829368
149.9962504416903,-5.026101169457654
150.1397558941649,-5.001348158389852
150.2369075868735,-5.532220147324267
150.8074670758081,-5.455842380396874
151.089672072554,-5.113692722192383
151.6478808941709,-4.757073662946162
151.5378617698215,-4.167807305521933
152.1367916200843,-4.14879037843852
152.3387431174809,-4.312966403829805
152.3186926617517,-4.867661228050771
151.9827958518545,-5.478063246282382
151.4591068870087,-5.560280450058754
151.3013904156539,-5.840728448106752
,
162.1190246930409,-10.48271900802115
162.3986458681722,-10.82636728276211
161.7000321800184,-10.82001108159021
161.3197969912148,-10.20475147872317
161.917383254238,-10.44664885828142
162.1190246930409,-10.48271900802115
,
161.6799817242891,-9.599982191611367
161.5293966005906,-9.784312025596485
160.7882532086605,-8.917543226764892
160.5799971865243,-8.32000864017396
160.9200281110049,-8.32000864017396
161.28000613835,-9.120011488484451
161.6799817242891,-9.599982191611367
,
160.8522286318379,-9.872937106977048
160.4625883323572,-9.895209649294841
159.8494474632141,-9.794027194867354
159.6400028831351,-9.639979750205278
159.7029447776666,-9.242949720906815
160.3629561708984,-9.40030445723557
160.6885176943372,-9.610162448772869
160.8522286318379,-9.872937106977048
,
159.6400028831351,-8.020026950719632
159.8750272971986,-8.337320244991737
159.9174019716779,-8.53828989017483
159.1336771995394,-8.114181410355428
158.5861137229747,-7.754823500197737
158.2111495302648,-7.421872246941199
158.3599776552654,-7.320017998893917
158.8200012555277,-7.560003350457379
159.6400028831351,-8.020026950719632
,
157.1400004417189,-7.021638278840641
157.5384257346892,-7.347819919466943
157.3394197939332,-7.404767347852592
156.9020304710148,-7.176874281445428
156.4913578635913,-6.765943291860452
156.542827590154,-6.599338474151452
157.1400004417189,-7.021638278840641
,
154.7599906760844,-5.339983819198495
155.0629179221793,-5.56679168052753
155.5477462099417,-6.200654799019645
156.0199654482248,-6.540013929880381
155.8800256695784,-6.819996840037753
155.5999910829888,-6.919990736522522
155.1669942568151,-6.535931491729322
154.7291915224384,-5.900776462429902
154.5141142112396,-5.139117526879986
154.6525036969173,-5.042379245629597
154.7599906760844,-5.339983819198495
,
176.8858236026052,-40.0659778785822
176.5080172061193,-40.60475636165728
176.0124402204402,-41.28962411882147
175.239567499083,-41.68830779395328
175.0678983910094,-41.42589487077513
174.6509729352785,-41.2818209775454
175.2276302432236,-40.45923552832336
174.9001566917899,-39.90888152441491
173.8240466657439,-39.50885426204351
173.8522619977753,-39.14660247167748
174.5748018740804,-38.79768320084276
174.743473749081,-38.02780771255843
174.6969649600183,-37.38112883885792
174.2920284365792,-36.71109221776149
174.3190035342355,-36.53482390721391
173.8409965355357,-36.12198088963413
173.0541711774596,-35.23712533950039
172.6360054873538,-34.52910654066943
173.0070422712095,-34.45066171645037
173.5512984561075,-35.00618336358801
174.3293904971262,-35.26549570082862
174.6120089053304,-36.15634571710823
175.3366158389271,-37.20909799575827
175.3575964704376,-36.52619394302117
175.8088867536425,-36.79894215265767
175.9584900251275,-37.55538176854612
176.7631954287766,-37.88125335057867
177.4388131045605,-37.9612484677665
178.0103544457087,-37.57982472102017
178.5170935407627,-37.6953732236248
178.2747310733138,-38.58281259537314
177.9704602399793,-39.16634286881298
177.2069926292992,-39.14577564876082
176.9399805036471,-39.44973642350161
177.0329464053401,-39.87994272233146
176.8858236026052,-40.0659778785822
,
169.6678145693731,-43.55532561622638
170.5249198753662,-43.03168832781282
171.125089960004,-42.51275359473782
171.5697139834433,-41.76742441179213
171.9487089378719,-41.51441659929112
172.0972270042787,-40.95610442480972
172.798579543344,-40.4939620908235
173.0203747907408,-40.91905242285645
173.2472343285021,-41.33199879330081
173.9584053897028,-40.92670053483565
174.2475867048082,-41.34915536882171
174.2485168805894,-41.77000823340673
173.8764465680879,-42.23318409603879
173.2227396995957,-42.97003834408861
172.7112463727707,-43.37228769304856
173.0801127464701,-43.85334360125361
172.3085836123525,-43.86569426857136
171.4529252464636,-44.24246713641141
171.1851379743272,-44.89710418068486
170.6166972191165,-45.90892872495974
169.8314221540093,-46.35577483498757
169.3323311709343,-46.64123544696788
168.4113537946286,-46.61994475686363
167.7637447451468,-46.29019744240919
166.6768860211842,-46.21991749449224
166.5091443219647,-45.85270476662619
167.046372512071,-45.11094125750864
168.3037634625969,-44.12397307716614
168.9494088076516,-43.93581918719143
169.6678145693731,-43.55532561622638
,
147.6892594748842,-40.80825815202267
148.289067824496,-40.87543751400211
148.3598645367359,-42.06239348731415
148.017301467073,-42.40702361426865
147.9140519553538,-43.21152231218854
147.5645642437639,-42.9376888974739
146.8703430523549,-43.6345972633621
146.6633272645936,-43.58085377377856
146.0483777203203,-43.54974456153884
145.4319295595106,-42.69377613705625
145.2950903668017,-42.03360971452756
144.7180713238307,-41.16255177181576
144.7437545106797,-40.70397511165767
145.3979781434948,-40.79254851660594
146.3641207216237,-41.13764373145109
146.9085836122509,-41.00054615658073
147.6892594748842,-40.80825815202267
,
126.1487138205011,-32.21596607842059
125.0886234884657,-32.72875131605285
124.2216479839049,-32.95948658623607
124.0289465678885,-33.4838473447017
123.6596667827308,-33.89017913181271
122.8110364116336,-33.91446705498988
122.1830644064228,-34.0034021949642
121.2991907085026,-33.82103606540618
120.5802681824581,-33.93017669040661
119.8936951030282,-33.9760653622818
119.2988993673488,-34.50936614353394
119.007340936358,-34.46414926527854
118.5057178081008,-34.74681934991509
118.0249719584895,-35.0647327613747
117.2955074402574,-35.02545867283287
116.6251090841349,-35.02509693780683
115.5643469584797,-34.38642791111157
115.0268087097796,-34.19651702243893
115.0486161642068,-33.62342538832205
115.5451233256671,-33.48725798923297
115.7146737000167,-33.25957162855497
115.6793786967613,-32.90036874769417
115.8016451355639,-32.205062351207
115.6896106303552,-31.61243702568381
115.160909051577,-30.60159433362247
114.9970430847795,-30.03072478609414
115.0400378764463,-29.46104379650853
114.641974318502,-28.81023080822467
114.6164978373821,-28.51639861421308
114.1735791362085,-28.11807667410732
114.0488839050882,-27.33471363699481
113.4774975932369,-26.5431340471479
113.3389530782624,-26.11654509857848
113.7783577820402,-26.54902516042917
113.4409623556066,-25.62127817149317
113.9369010763117,-25.91123463308287
114.2328520040472,-26.29844614024588
114.216160516417,-25.78628101980112
113.7212553243577,-24.99893889740214
113.625343866024,-24.68397104258317
113.3935233907626,-24.38471282318094
113.5020438985756,-23.80635019297029
113.7069926290451,-23.56021534596409
113.8434184102957,-23.05998748137876
113.7365515483161,-22.47547535572538
114.1497563009219,-21.75582935962874
114.2253072449326,-22.51748829517867
114.6477620789187,-21.82951995207695
115.4601672709792,-21.49517343514854
115.947372674627,-21.0686878394437
116.7116154317915,-20.70168181730682
117.1663163595277,-20.62354705168152
117.4415450379142,-20.74689869556221
118.229558953933,-20.37420826587322
118.8360852397427,-20.26331064217486
118.9878072449517,-20.04420256925732
119.2524939311507,-19.95294198982987
119.8052250509445,-19.97650644295496
120.8562203308967,-19.68370777758921
121.3998563986072,-19.23975554776973
121.6550862976967,-18.70531788500717
122.2416654806418,-18.1976486141718
122.2866239767357,-17.79860320401396
122.3127722514754,-17.25491545987116
123.0125744975719,-16.40519988369589
123.433789097183,-17.26855803799621
123.8593445171066,-17.06903533291729
123.5032422221833,-16.5965060360404
123.8170731954918,-16.111316013252
124.2582865743998,-16.32794361741954
124.3797261902858,-15.56705982835399
124.92615278534,-15.07510019293536
125.1672750184139,-14.68039560309003
125.6700867046138,-14.51007008225601
125.6857963400305,-14.23065561285385
126.1251493673761,-14.3473409969689
126.1428227072199,-14.09598683030123
126.5825891460237,-13.95279143642045
127.0658671408173,-13.81796762457095
127.804633416862,-14.27690601975508
128.3596899761089,-14.86916961025224
128.9855432475958,-14.87599089931476
129.6214734233797,-14.96978362392452
129.4096000509829,-14.42066985439107
129.8886405783286,-13.61870330165349
130.3394657736429,-13.35737558355348
130.183506300986,-13.10752003342228
130.617795037967,-12.53639210373249
131.22349450086,-12.18364877690817
131.7350911805495,-12.30245289474718
132.5752982931831,-12.11404062261101
132.557211541881,-11.60301238367668
131.8246981141436,-11.27378183354515
132.3572237489114,-11.1285193823727
133.0195605815964,-11.37641122807681
133.5508459819891,-11.78651539474512
134.393068475482,-12.04236541102218
134.678632440327,-11.94118295659469
135.2984912456679,-12.24860605229905
135.8826933127276,-11.96226694096978
136.2583809754895,-12.04934172938159
136.4924752137717,-11.8572087541204
136.951620314685,-12.35195891688279
136.6851249533558,-12.88722340256202
136.3054065288751,-13.29122975021988
135.9617582541342,-13.32450937261585
136.0776168153325,-13.72427825282578
135.7838362977532,-14.2239893530882
135.4286641786112,-14.71543222418391
135.5001843609032,-14.99774057379442
136.2951745952813,-15.55026498785913
137.0653601421594,-15.87076222093333
137.5804708192448,-16.21508228929408
138.303217401279,-16.8076042619527
138.5851640158634,-16.80662240973916
139.1085429221155,-17.06267913174539
139.2605749859182,-17.37160084398621
140.2151420432137,-17.71080494555007
140.8754118186069,-17.36906869880391
141.0711104676963,-16.83204721442676
141.2740954937387,-16.38887013109165
141.3982222841038,-15.84053150804259
141.7021830588446,-15.0449211564769
141.5633801617087,-14.56133310308955
141.6355204611881,-14.27039478928631
141.5198686057189,-13.69807830165381
141.6509200380111,-12.94468759527058
141.8426912782462,-12.74154753993123
141.6869901877508,-12.40761443446114
141.9286291851476,-11.87746591557882
142.118488397388,-11.32804208745161
142.1437064963464,-11.04273650476819
142.515260044525,-10.66818572351669
142.797310011974,-11.15735483159156
142.8667631369743,-11.7847067196149
143.1159468934857,-11.90562957117788
143.1586316265588,-12.32565561284623
143.5221236512998,-12.83435841232743
143.5971578309876,-13.40042205165261
143.5618111513,-13.76365569423219
143.9220992372389,-14.548310642152
144.5637138205748,-14.1711760392859
144.8948563987012,-14.59445769618864
145.3747237489635,-14.98497649501833
145.2719910015672,-15.42820525478573
145.4852596376358,-16.28567229580478
145.6369816428447,-16.78491830817657
145.8888525738353,-16.90692636481769
146.1603088726645,-17.76165455492527
146.0636739442787,-18.28007252367734
146.3874784690196,-18.95827402107589
147.4710815777479,-19.48072275154673
148.1776017600424,-19.9559392229028
148.8484135276232,-20.39120981209724
148.7174654481956,-20.63346892668155
149.2894202008021,-21.26051075611113
149.6783370302307,-22.34251189543838
150.0773824403885,-22.12278370533334
150.4829390810152,-22.55614226653299
150.7272652528911,-22.40235320403237
150.8995544781523,-23.4622368303387
151.6091752463843,-24.07625619883074
152.0735396669591,-24.45783497487393
152.8551973818059,-25.267501316023
153.1361621441768,-26.07117319102622
153.1619486838904,-26.64131926850246
153.0929089703485,-27.26029957449451
153.5694690289442,-28.11006682710208
153.5121081891002,-28.99507740653271
153.339095493787,-29.45820159273248
153.0692411643589,-30.35024016695479
153.0895500022496,-30.92364185966542
152.8915775901394,-31.640445651986
152.4500024762053,-32.55000253675527
151.7091174664367,-33.04134205498639
151.3439717958624,-33.81602345147387
151.0105554547152,-34.31036020277793
150.714139439089,-35.1734599749168
150.3282198427333,-35.67187916437192
150.0752120302323,-36.42020558039054
149.9461243023672,-37.10905242284121
149.9972839703361,-37.42526051203518
149.4238822776255,-37.77268116633344
148.3046224306158,-37.80906137466692
147.3817330263153,-38.21921721776752
146.9221228375113,-38.60653207779512
146.3179219911548,-39.03575652441141
145.4896521343806,-38.59376799901902
144.8769763531282,-38.41744801203915
145.032212355733,-37.89618783951102
144.4856824078141,-38.08532358169929
143.609973586196,-38.8094654274053
142.745426873953,-38.53826751073755
142.1783297059819,-38.38003427505983
141.6065816591047,-38.30851409276788
140.6385787294133,-38.01933277766256
139.9921582378743,-37.40293629328509
139.8065881695141,-36.64360279718831
139.5741475770653,-36.13836231867066
139.0828080588341,-35.73275400161175
138.1207479188564,-35.61229623793939
138.4494617046649,-35.12726124444787
138.2075643251067,-34.38472258884593
137.7191703635162,-35.076825046531
136.8294055523147,-35.26053476332861
137.3523710471085,-34.7073385556441
137.5038863465883,-34.13026783624075
137.8901160015377,-33.64047861097838
137.8103275900791,-32.90000701266812
136.9968371929404,-33.75277149834861
136.3720174500993,-34.09476612725624
135.9890434103843,-34.89011809666046
135.208212518454,-34.47867034275257
135.2392183778292,-33.94795338311502
134.6134167827746,-33.22277800876316
134.0859037619392,-32.84807219821479
134.273902622617,-32.61723357516699
132.9907768088098,-32.01122405368019
132.2880806825049,-31.98264698662278
131.3263306011208,-31.49580331800104
129.5357938986397,-31.59042286552747
128.2409375347023,-31.94848886487785
127.1028674663383,-32.28226694105106
126.1487138205011,-32.21596607842059
,
81.7879590188914,7.523055324733164
81.63732221876059,6.481775214051922
81.21801964714433,6.197141424988288
80.34835696810441,5.968369859232155
79.87246870312853,6.76346344647493
79.69516686393513,8.200843410673386
80.14780073437964,9.824077663609557
80.83881798698656,9.268426825391188
81.30431928907177,8.56420624433369
81.7879590188914,7.523055324733164
,
129.3709977560609,-2.802154229344595
130.4713440288518,-3.093764336767634
130.8348360535928,-3.858472181822776
129.9905465028082,-3.446300957862796
129.1552486512423,-3.362636813982248
128.5906836284536,-3.428679294451264
127.8988912293623,-3.393435967628207
128.1358793478528,-2.843650404474971
129.3709977560609,-2.802154229344595
,
126.8749227234989,-3.790931084817302
126.1838021180274,-3.607376397316564
125.9890336447193,-3.177221774919012
127.000651483265,-3.129317722184446
127.2492151225889,-3.45906503663889
126.8749227234989,-3.790931084817302
,
127.9323775574875,2.174596258956569
128.0041561219409,1.628531398928345
128.5945593608755,1.540810655112878
128.6882487326207,1.132385972494063
128.6359521831413,0.2584858260061935
128.1201697124361,0.3564126651992865
127.9680342957689,-0.2520773250375186
128.3799988139997,-0.7800037573313005
128.1000159038423,-0.8999964331130315
127.6964746440751,-0.2665984025115335
127.3994901876937,1.011721503092545
127.6005115093091,1.810690822757195
127.9323775574875,2.174596258956569
,
122.9275667664518,0.8751923689774088
124.0775224142429,0.9171019555661245
125.0659892111218,1.64325918213153
125.2405005229715,1.419836127117605
124.4370353536974,0.4278811710589565
123.6855049988767,0.235593166500891
122.7230831238729,0.4311367862933366
121.0567248881891,0.3812173526993945
120.1830831238627,0.2372468123342344
120.0408695821955,-0.5196578914448367
120.9359053894907,-1.408905938323393
121.4758207540762,-0.9559620092851304
123.3405648133285,-0.6156727026431383
123.2583992859844,-1.076213067228309
122.8226636088993,-0.9309506160558526
122.3885299012153,-1.516858005381117
121.5082735535555,-1.904482924002458
122.4545723816843,-3.186058444840924
122.2718961935325,-3.529500013852712
123.1709627625466,-4.683693129091701
123.1623327983538,-5.340603936385996
122.6285152527788,-5.634591159694466
122.236394484548,-5.282933037948268
122.719569126477,-4.464171644715826
121.7382336772544,-4.851331475446543
121.4894633322013,-4.574552504091265
121.6191711772539,-4.188477878438682
120.8981815939177,-3.602105401222794
120.9723889506888,-2.627642917494939
120.3054529155299,-2.931603692235733
120.3900472351917,-4.097579034037274
120.4307165874054,-5.528241062037793
119.7965434103195,-5.673400160345665
119.3669055522449,-5.37987802492782
119.6536063986002,-4.459417412944973
119.498835483886,-3.494411716326532
119.078344354327,-3.487021986508793
118.7677689962529,-2.801999200047718
119.1809737488587,-2.147103773612805
119.3233939962551,-1.353147067880464
119.8259989767259,0.1542544620734816
120.0357019389663,0.5664773624657613
120.8857792501676,1.30922272379685
121.666816847827,1.013943589681091
122.9275667664518,0.8751923689774088
,
120.2950142762069,-10.25864999760359
118.9678084656547,-9.557969252158074
119.9003096863616,-9.361340427287502
120.4257556499053,-9.665921319215798
120.7755017436567,-9.96967538822743
120.7156087586305,-10.23958139408789
120.2950142762069,-10.25864999760359
,
121.3416687358465,-8.536739597206072
122.0073645366304,-8.460620212440148
122.9035372254361,-8.094234307490765
122.7569828634563,-8.649807631060696
121.2544905945701,-8.933666273639957
119.9243909038096,-8.81041798262384
119.920928582846,-8.444858900591122
120.7150919943076,-8.236964613480914
121.3416687358465,-8.536739597206072
,
118.2606164897404,-8.362383314653293
118.8784599142221,-8.280682875199844
119.1265067892231,-8.705824883665088
117.9704016459893,-8.906639499551304
117.277730747549,-9.040894870645594
116.7401408224166,-9.032885023640354
117.0837374207253,-8.45715789147659
117.6320243673421,-8.449303073768228
117.9000183452078,-8.09568124759494
118.2606164897404,-8.362383314653293
,
108.4868461446493,-6.42198495852574
108.623478631629,-6.777673841990705
110.5392273295533,-6.877357679881726
110.7595756368459,-6.465186455921747
112.6148112325564,-6.946035658397626
112.9787683451881,-7.594213148634594
114.4789351746211,-7.776527601760328
115.7055269715011,-8.370806573116873
114.5645113464965,-8.751816908404855
113.4647335144608,-8.348947442257405
112.559672479301,-8.376180922075221
111.5220613953124,-8.302128594600973
110.5861495300743,-8.122604668819001
109.4276672709551,-7.740664157749762
108.6936552266813,-7.641600437046243
108.2777632995963,-7.766657403192576
106.4541020040161,-7.354899590690934
106.2806242208123,-6.924899997590252
105.3654862813555,-6.851416110871206
106.051645949327,-5.895918877794472
107.2650085795402,-5.954985039904081
108.0720910990747,-6.345762220895224
108.4868461446493,-6.42198495852574
,
104.3699914896849,-1.084843031421059
104.5394901876022,-1.782371514496766
104.887892694114,-2.340425306816705
105.622111444117,-2.428843682468099
106.1085933777127,-3.061776625178965
105.8574459167741,-4.305524997579774
105.8176550639094,-5.85235564537242
104.7103841491914,-5.873284600450632
103.8682133321308,-5.037314955264996
102.5842606954069,-4.220258884298183
102.156173130301,-3.614146009946801
101.3991133972251,-2.799777113459164
100.9025028829002,-2.050262139497832
100.1419808288607,-0.6503475887109857
99.26373986206028,0.1831415877246343
98.97001102091326,1.042882391764536
98.60135135294306,1.823506577965574
97.69959760944985,2.45318390544206
97.17694217324984,3.308790594898596
96.42401655475726,3.868859768077925
95.3808760925135,4.970782172053688
95.29302615761729,5.479820868344788
95.93686282754174,5.439513251157123
97.4848820332771,5.246320909033955
98.36916914265566,4.268370266126396
99.1425586283358,3.590349636240873
99.69399783732241,3.174328518075143
100.6414335469616,2.099381211755741
101.6580123230073,2.083697414555161
102.4982711120732,1.398700466310231
103.076840448013,0.5613613956688681
103.8383960306984,0.1045417342086949
103.4376452982749,-0.7119458960029021
104.010788608824,-1.059211521004286
104.3699914896849,-1.084843031421059
,
120.8338961121466,12.70449616134243
120.3234363139674,13.46641347905383
121.1801282085021,13.42969737391044
121.5273938335035,13.06959015548452
121.2621903829816,12.2055602075644
120.8338961121466,12.70449616134243
,
122.5860889018671,9.981044826696134
122.8370813335087,10.26118276615037
122.9474105164519,10.88186839440806
123.4988497254384,10.94062449792392
123.3377742859847,10.2673839380254
124.0779358257012,11.23272553145374
123.9824377788258,10.27877859134576
123.6230798686681,9.950090643753299
123.3099206889794,9.318268744336706
122.9958313335094,9.022188625520414
122.3800549663194,9.713360907424217
122.5860889018671,9.981044826696134
,
126.3768135926374,8.414706325713297
126.4785128113879,7.750354112168978
126.5374239442006,7.189406439640692
126.1967729025326,6.274294338400054
125.8314205262291,7.293715318221842
125.3638521668522,6.786485297060949
125.6831608419837,6.049656887227272
125.3965116720606,5.581003322772276
124.2197876323424,6.161355495626154
123.9387195171069,6.885135606306136
124.2436621440613,7.360610459823661
123.6101607605952,7.83352732994274
123.2960714051252,7.418875637232759
122.8255058126754,7.457374579290204
122.0854993022557,6.899424139834836
121.9199280131926,7.192119452336015
122.3123588400171,8.034962063016465
122.9423979025196,8.316236883981134
123.4876876160635,8.693035590037326
123.8411544129398,8.240324204944372
124.6014697612502,8.514157619659002
124.7646122579956,8.960409450715488
125.4713908224516,8.986996975129657
125.4121179546128,9.760334784377534
126.2227144715431,9.286074327018866
126.3066369975851,8.78248749433456
126.3768135926374,8.414706325713297
,
109.4752095886636,18.19770091396857
108.6552079610562,18.50768199307139
108.6262174825404,19.36788788500191
109.119055617308,19.82103851976935
110.2115987488228,20.10125397387203
110.7865507345022,20.07753449145005
111.0100513041646,19.69592987719072
110.5706466003868,19.25587921800927
110.3391878601515,18.67839508714759
109.4752095886636,18.19770091396857
,
121.7778178243899,24.3942735865194
121.1756323588927,22.79085724536717
120.7470797058962,21.97057139738211
120.2200834493837,22.81486094816674
120.1061885926124,23.55626272225824
120.6946798035522,24.53845083261374
121.4950443868888,25.29545888925739
121.9512439311615,24.99759593352704
121.7778178243899,24.3942735865194
,
141.884600864835,39.18086456965148
140.9594893739458,38.17400096287662
140.976335890873,37.14207428644019
140.5997697287621,36.3439834661245
140.7740743348826,35.84287710219022
140.2532792502451,35.13813975680979
138.9755277853962,34.66760000257614
137.2175989116913,34.60628591566183
135.7929830262689,33.46480520276663
135.1209827007454,33.849071153289
135.0794348491827,34.59654490817481
133.340316196832,34.3759382187208
132.1567708680512,33.90493337659652
130.9861446473435,33.88576142021624
132.00003624891,33.14999237724454
131.3327901551573,31.45035451916482
130.686317987186,31.02957916922825
130.2024198752049,31.41823761649543
130.4476762228621,32.3194745956657
129.8146916037189,32.61030955660436
129.4084114930403,33.29605581311752
130.3539351746846,33.60415070244167
130.8784509624472,34.23274282484002
131.8842293641439,34.74971385348792
132.6176729676624,35.43339305270941
134.6083008159777,35.7316177434658
135.6775378765288,35.52713410088687
136.7238306011424,37.30498423924033
137.3906116070045,36.82739065199884
138.8576021669062,37.82748464614346
139.4264046571428,38.21598806411376
140.054790073812,39.43880748143637
139.8833793478998,40.56331248632368
140.3057825054536,41.19500519465953
141.3689734234266,41.37855988216027
141.9142631369705,39.99161611587868
141.884600864835,39.18086456965148
,
144.6134265484396,43.96090871843361
145.3208252300831,44.38473297787541
145.5431372418027,43.26211416276676
144.0596618999999,42.98835826270056
143.1838497255172,41.9952147486992
141.6114909201724,42.6787905950561
141.0672864117067,41.58459381770797
139.955106235921,41.56955597591103
139.81754357316,42.56375885677438
140.3120870301933,43.33327261003269
141.38054894426,43.38882477474644
141.6719523459539,44.77212535255146
141.967644891528,45.55148346616134
143.1428703147097,44.51035838477697
143.9101619813795,44.17409983985374
144.6134265484396,43.96090871843361
,
8.709990675500109,40.89998444270523
9.210011834356266,41.20999136002418
9.80997521326492,40.50000885676613
9.669518670295616,39.17737641047178
9.214817742559433,39.24047333430015
8.806935662479674,38.90661774347851
8.428302443077115,39.17184703221655
8.388253208050912,40.37831085871876
8.159998406617689,40.95000722916376
8.709990675500109,40.89998444270523
,
8.746009148807559,42.62812185319392
9.390000848028876,43.00998484961471
9.560016310269134,42.15251780859565
9.229752231491773,41.38000682226446
8.775723097375362,41.58361196549443
8.544212680707773,42.2565424667992
8.746009148807559,42.62812185319392
,
12.37090416835329,56.11140737570879
12.6900061377556,55.60999095318074
12.08999108241468,54.80001455343792
11.04354332850423,55.36486379660424
10.9039136084516,55.77995473898872
12.37090416835329,56.11140737570879
,
-4.211494513353671,58.55084503847897
-3.005004848635309,58.63500010846629
-4.073828497728101,57.55302480735519
-3.05500179687769,57.69001902936095
-1.959280564776947,57.68479970969946
-2.219988165689443,56.87001740175349
-3.119003058271176,55.97379303651553
-2.08500932454308,55.90999848085121
-1.114991013992324,54.62498647726534
-0.430484991854172,54.4643761257022
0.1849813167420393,53.32501414653097
0.4699768408317197,52.92999949809191
1.68153079591471,52.73952016866405
1.559987827164207,52.09999848083598
1.050561557630942,51.80676056579574
1.449865349950244,51.28942780212179
0.5503336930455873,50.76573883727595
-0.7875174625587248,50.77498891865619
-2.489997524414491,50.50001862243113
-2.956273972984065,50.69687999124703
-3.617448085942442,50.22835561787274
-4.542507900399272,50.34183706318571
-5.245023159191136,49.95999990498106
-5.776566941745344,50.15967763935686
-4.30998979330198,51.21000112568919
-3.414850633142152,51.42600861266921
-4.984367234710916,51.59346609151103
-5.267295701508927,51.9914004583746
-4.222346564134966,52.30135569926125
-4.770013393564227,52.8400049912556
-4.579999152027,53.49500377055509
-3.092079637047106,53.40444082296359
-2.945008510744429,53.98499970154664
-3.630005458989359,54.61501292583301
-4.844169073903061,54.79097117778684
-5.082526617849339,55.06160065369939
-4.719112107756729,55.50847260194335
-5.047980922862223,55.78398550070749
-5.586397670911253,55.31114614523683
-5.644998745130239,56.27501496034486
-6.149980841486425,56.78500967063335
-5.786824713555276,57.81884837506458
-5.009998745127689,58.63001333275011
-4.211494513353671,58.55084503847897
,
-14.50869544112923,66.45589223903143
-14.73963741704161,65.8087482774403
-13.60973222497981,65.12667104761987
-14.9098337467949,64.36408193628868
-17.79443803554342,63.67874909123385
-18.65624589687499,63.49638296167582
-19.97275468594276,63.64363495549153
-22.76297197111016,63.96017894149539
-21.77848425951768,64.40211579045551
-23.95504391121911,64.8911298692335
-22.18440263517036,65.0849681667603
-22.22742326505333,65.37859365504274
-24.32618404793934,65.61118927678847
-23.65051469572309,66.26251902939522
-22.13492245125089,66.41046865504687
-20.57628373867955,65.73211212835143
-19.05684160000159,66.27662669541091
-17.79862382655905,65.99385325790978
-16.16781897629212,66.52681814235201
-14.50869544112923,66.45589223903143
,
142.9146155132765,53.70457754171478
143.2608476096321,52.74076040303906
143.2352677756476,51.75666026468876
143.6480074403628,50.7476004095415
144.6541475770856,48.97639069273754
143.1739278505172,49.30655141865032
142.5586682476501,47.86157501890495
143.533492466404,46.83672801369252
143.5052771343726,46.13790761980952
142.7477006369738,46.74076487892651
142.0920300640545,45.96675527605883
141.906925083585,46.80592886004656
142.0184428244709,47.78013296161296
141.904444614835,48.85918854429957
142.1358000022057,49.61516307229739
142.1799833518153,50.9523424342819
141.59407596249,51.9354348822025
141.6825460145737,53.3019664577288
142.6069340354107,53.76214508728793
142.2097489768154,54.22547597921687
142.654786411713,54.36588084575389
142.9146155132765,53.70457754171478
,
118.5045809265904,9.316382554558047
117.1742745301007,8.367499904814679
117.6644771668214,9.066888739452892
118.3869136902617,9.68449961998921
118.9873421570611,10.37629201908052
119.5114962097975,11.3696680770272
119.6896765483399,10.55429149010988
119.0294584493789,10.00365326582383
118.5045809265904,9.316382554558047
,
122.336956821788,18.22488271735411
122.1742794129332,17.8102827010764
122.5156539246533,17.09350474697197
122.2523108256939,16.26244436285407
121.6627860861082,15.93101756435014
121.5050179383211,15.12481354416462
121.7288285665772,14.32837636968227
122.2589254090273,14.21820221603599
122.7012756694457,14.33654124598438
123.9502950379403,13.78213064214103
123.8551070496587,13.23777110437842
124.1812886902849,12.9975273706535
124.0774190613783,12.53667694747458
123.2980351095522,13.02752553959894
122.9286519715299,13.55291982671042
122.6713550151487,13.18583628992509
122.0346496928805,13.7844819198103
121.1263847189186,13.63668732345555
120.6286373230832,13.8576557479356
120.6793835795939,14.27101552983829
120.9918192892305,14.52539276779504
120.6933362163127,14.75667064051731
120.564145135583,14.3962792017138
120.0704285014664,14.97086945236713
119.920928582846,15.40634674729074
119.8837732280282,16.36370433192999
120.2864359884464,16.03462881109535
120.3900472351917,17.59908112229952
120.7158671407919,18.50522736253752
121.3213082215235,18.50406464281095
121.9376013530364,18.21855235439835
122.2460063009543,18.47897573493324
122.336956821788,18.22488271735411
,
122.0383703960055,11.41584096928
121.8835478048591,11.89175507247199
122.4838212423615,11.58221324304368
123.1202165060359,11.58366018314786
123.1008378439265,11.16593374271649
122.6377136577267,10.74130849857417
122.0026103048596,10.44101675052609
121.9673669780365,10.90569122969463
122.0383703960055,11.41584096928
,
125.5025517111235,12.16269460697829
125.7834131206299,11.04614777266393
125.0118839865123,11.31145457605041
125.0327612651582,10.97581614831469
125.2774491720602,10.35872203210128
124.8018192892458,10.13467885989986
124.7601680848185,10.83799510339226
124.459101190286,10.88992991784559
124.3025216004417,11.49537099857719
124.8910128113815,11.41558258711854
124.877990350444,11.79418996830495
124.2667615092957,12.55776093184967
125.2271163270079,12.53572093347718
125.5025517111235,12.16269460697829
,
-77.35336076527386,8.67050466555807
-76.83667395700357,8.638749497914716
-76.08638383655786,9.336820583529487
-75.67460018584006,9.443248195834599
-75.66470414905618,9.774003200718738
-75.48042599150335,10.61899038333931
-74.90689510771199,11.08304474532032
-74.27675269234489,11.10203583418759
-74.1972226630477,11.31047272383687
-73.41476396350029,11.22701528568548
-72.62783525255963,11.73197154382552
-72.23819495307892,11.95554962813633
-71.75409013536864,12.43730316817731
-71.3998223537917,12.37604075769529
-71.13746110704588,12.11298187911351
-71.3315836249503,11.77628408451581
-71.36000566271082,11.53999359786121
-71.94704993354651,11.42328237553002
-71.62086829292019,10.96945994714279
-71.63306393094109,10.44649445234903
-72.07417395698451,9.865651353388373
-71.69564409044654,9.072263088411248
-71.26455929226773,9.137220363802129
-71.03999935574339,9.859992784052409
-71.35008378771079,10.21193512617621
-71.40062333849224,10.96896902103602
-70.15529883490652,11.37548167566004
-70.29384334988103,11.84682241459421
-69.94324459499683,12.1623070337361
-69.58430009629747,11.45961090743121
-68.88299923366445,11.44338450769156
-68.23327145045873,10.88574412682995
-68.19412655299763,10.55465322513592
-67.29624854192633,10.54586823164631
-66.227864142508,10.64862681725869
-65.65523759628175,10.20079885501732
-64.89045223657817,10.0772146671913
-64.32947872583374,10.38959870039568
-64.31800655786495,10.64141795495398
-63.07932247582873,10.7017243514386
-61.8809460109802,10.7156253117251
-62.73011898461641,10.42026866296091
-62.38851192895098,9.94820445397464
-61.58876746280194,9.873066921422264
-60.83059668643172,9.381339829948942
-60.67125240745973,8.580174261911878
-60.15009558779618,8.602756862823426
-59.75828487815919,8.367034816924047
-59.10168412945866,7.999201971870492
-58.48296220562806,7.347691351750697
-58.45487606467742,6.832787380394464
-58.07810319683738,6.809093736188643
-57.54221859397065,6.321268215353356
-57.14743648947689,5.973149929219161
-55.9493184067898,5.772877915872002
-55.84177975119042,5.95312531170606
-55.03325029155177,6.025291449401664
-53.9580446030709,5.756548163267765
-53.61845292826484,5.646529038918374
-52.88214128275409,5.409850979021584
-51.8233428615259,4.565768133966131
-51.65779741067889,4.156232408053029
-51.29998979348996,4.120007229016437
-51.06977128762966,3.650397650564031
-50.50887529153366,1.901563828942457
-49.97407589374506,1.736483465986069
-49.94710079608871,1.046189683431223
-50.69925126809692,0.2229841170216815
-50.38821082213214,-0.07844451253681939
-48.62056677915632,-0.2354891902718208
-48.58449662941659,-1.237805271005001
-47.82495642759064,-0.5816179337628
-46.56658362485123,-0.941027520352776
-44.90570309099041,-1.551739597178134
-44.41761918799367,-2.137750339367976
-44.58158850765578,-2.691308282078524
-43.41879126644019,-2.383110039889793
-41.47265682632825,-2.912018324397116
-39.97866533055404,-2.873054294449041
-38.50038347019657,-3.700652357603396
-37.2232521225352,-4.820945733258917
-36.45293738457639,-5.109403578312154
-35.59779578301047,-5.149504489770649
-35.23538896334756,-5.464937432480247
-34.89602983248683,-6.738193047719711
-34.72999345553303,-7.343220716992967
-35.12821204277422,-8.996401462442286
-35.63696651868771,-9.649281508017815
-37.046518724097,-11.0407211239088
-37.68361161960736,-12.17119475672582
-38.42387651218844,-13.03811858485429
-38.67388709161652,-13.05765227626062
-38.95327572280254,-13.79336964280002
-38.88229814304965,-15.66705372483877
-39.16109249526431,-17.20840667080847
-39.2673392400564,-17.86774627042048
-39.58352149103423,-18.26229583096894
-39.76082333022764,-19.59911345792741
-40.77474077001034,-20.90451181405242
-40.94475623225061,-21.93731698983781
-41.75416419123822,-22.37067555103746
-41.98828426773656,-22.9700704891909
-43.07470374202475,-22.96769337330547
-44.64781185563781,-23.35195932382784
-45.35213578955992,-23.79684172942858
-46.47209326840554,-24.08896860117454
-47.64897233742066,-24.88519906992772
-48.4954581365777,-25.87702483490565
-48.64100480812774,-26.62364592865864
-48.47473588722865,-27.17591196056189
-48.66152035174763,-28.18613453543572
-48.8884574041574,-28.67411508556788
-49.58732947447267,-29.22446908947634
-50.69687415221149,-30.98446502047296
-51.57622616230616,-31.77769825615321
-52.25608130553805,-32.24536996839467
-52.71209998229769,-33.19657805759118
-53.37366166849824,-33.76837778090076
-53.80642595072653,-34.39681487400223
-54.93586605489773,-34.95264657973362
-55.67408972840329,-34.75265878676407
-56.21529700379607,-34.85983570733742
-57.1396850246331,-34.43045623142424
-57.81786068381551,-34.4625472958775
-58.42707414410439,-33.90945444105758
-58.49544206402655,-34.43148976007008
-57.22582963726366,-35.28802662530788
-57.36235877137878,-35.97739023208148
-56.73748735210545,-36.41312590916655
-56.78828528504836,-36.90157154718933
-57.74915686708346,-38.18387053807989
-59.23185706240189,-38.72016855240494
-61.23744523786564,-38.9284245745412
-62.33595699731013,-38.82770720800433
-62.12576310896294,-39.42410491308485
-62.33053097191949,-40.17258635840034
-62.14599443220521,-40.67689666113672
-62.74580278181698,-41.0287614886121
-63.77049475773255,-41.16678923926369
-64.73208980981973,-40.80267709733515
-65.11803524439158,-41.06431487402891
-64.97856055363582,-42.05800099056934
-64.3034079657425,-42.35901620866951
-63.75594784204239,-42.04368661882449
-63.45805904809588,-42.5631381162224
-64.37880388045633,-42.87355844499969
-65.18180396183975,-43.4953809547678
-65.32882341171013,-44.5013660621937
-65.5652689276616,-45.03678557716979
-66.50996578638934,-45.03962778094586
-67.29379391139247,-45.55189625425519
-67.58054643418008,-46.30177296324257
-66.59706641301729,-47.03387297952153
-65.64102657740149,-47.23613453551193
-65.98508826360079,-48.13328907653113
-67.16617896184769,-48.69733733499694
-67.81608761256643,-49.86966887797038
-68.72874508327321,-50.26416676208654
-69.13853919134777,-50.7325102679478
-68.81556148952356,-51.77110320414986
-68.14999487982038,-52.34998259868343
-68.57154537624133,-52.29944304790197
-69.46128434922667,-52.29194996521966
-69.9427795071062,-52.53792978292897
-70.8451016913546,-52.89919972108146
-71.00633216010525,-53.83325123475707
-71.429794684521,-53.85645395285612
-72.55794287788488,-53.53140919374024
-73.7027567206629,-52.83506926860723
-74.94676347522517,-52.26275278097475
,
-77.88157141794525,7.223771267114785
-77.47666073272228,6.691116441266303
-77.31881507028675,5.84535411216136
-77.53322058786573,5.582811997902497
-77.3076012844794,4.667984117039452
-77.49627193877703,4.087606105969428
-77.12768978545526,3.849636135265357
-77.51043128122501,3.325016994638247
-77.93154252797149,2.696605739752926
-78.42761043975733,2.629555568854215
-78.66211808949785,2.267355454920477
-78.61783138702371,1.766404120283056
-78.99093522817104,1.691369940595251
-78.85525875518871,1.380923773601822
-79.5427620103998,0.982937730305963
-80.09060970734211,0.7684288598623965
-80.02089820018037,0.3603400740534682
-80.39932471385376,-0.2837033016001413
-80.58337032746127,-0.9066626928786832
-80.93365902375172,-1.057454522306358
-80.76480628123804,-1.965047702648533
-80.96776546906436,-2.246942640800704
-80.36878394236925,-2.685158786635788
-79.98655921092242,-2.220794366061014
-79.77029334178093,-2.65751189535964
-80.30256059438722,-3.404856459164713
-81.09966956248937,-4.036394138203697
-81.41094255239946,-4.736764825055459
-80.92634680858244,-5.690556735866565
-81.24999630402642,-6.136834405139183
-80.53748165558608,-6.541667575713717
-79.76057817251005,-7.194340915560084
-79.44592037628485,-7.93083342858386
-79.03695309112695,-8.386567884965892
-78.09215287953464,-10.37771249760407
-77.10619238962184,-12.22271615972082
-76.25924150257417,-13.53503915777294
-76.42346920439775,-13.82318694423243
-76.00920508492995,-14.64928639085032
-75.23788265654144,-15.26568287522778
-73.44452958850042,-16.359362888253
-71.46204077827113,-17.36348764411638
-71.37525021023693,-17.77374684008157
-70.37257239447771,-18.34797535570887
-70.16441972520605,-19.75646819425616
-70.09124589708074,-21.39331918710126
-70.40396582709502,-23.62899667734457
-70.72495398627599,-25.70592416758726
-70.90512386746161,-27.64037973400125
-71.48989437527645,-28.86144215262592
-71.37008256700773,-30.09568206148503
-71.66872066922247,-30.92064462659249
-71.4384504869299,-32.41889942803078
-71.86173214383263,-33.90909270603153
-72.55313696968174,-35.50884002049106
-73.1667170884993,-37.12378020604439
-73.58806087919109,-37.15628468195598
-73.50555945503712,-38.28288258235111
-73.21759253609065,-39.25868865331856
-73.67709937202999,-39.94221282324317
-74.0179571194272,-41.79481292090683
-74.33194312203261,-43.22495818458442
-73.70133561877488,-43.36577646257977
-73.38889990913822,-42.11753224056957
-72.7178039211798,-42.38335580827898
-73.24035600451522,-44.4549606259956
-74.35170935738425,-44.10304412208794
-74.69215369332312,-45.76397633238103
-75.64439531116545,-46.64764332457207
-74.1265809801047,-46.93925343199511
-75.18276974150216,-47.7119194476232
-75.60801510283198,-48.67377288187184
-75.47975419788355,-50.37837167745158
-74.97663245308988,-51.0433956846157
-75.2600260077785,-51.62935475037325
-74.94676347522517,-52.26275278097475
,
-74.66254309761987,-52.83749806092496
-73.83809729683531,-53.04740772889455
-72.43417782254585,-53.71537729269931
-71.1077213202619,-54.07432179139866
-70.59178382025983,-53.61584848410516
-70.26748836941218,-52.93123910910242
-69.3456583319736,-52.51829273865806
-68.63412553574679,-52.6362700335804
-68.2500146145213,-53.10001433696767
-67.74999345566513,-53.84999439881963
-66.44999528671462,-54.45000945416058
-65.05000322127933,-54.70002003358866
-65.50000159367697,-55.19998951601254
-66.44999528671462,-55.25001230247107
-66.95991248235468,-54.89680388775611
-67.29102922226485,-55.30122364687231
-68.14862545436465,-55.61185068137877
-68.63999081081192,-55.58001799908697
-69.23209937201221,-55.49904102968561
-69.95807573106458,-55.19843922304378
-71.00568620470159,-55.05384856549112
-72.26390397814413,-54.49512297955138
-73.28521114774458,-53.95753305441902
-74.66254309761987,-52.83749806092496
,
44.84695804218114,80.58980988231714
46.79913862487123,80.77191762971368
48.31847741068461,80.78400991486998
48.52280602396667,80.51456899690017
49.09718956889085,80.7539859077084
50.03976769389462,80.91888540315178
51.52293297710366,80.69972565380193
51.13618655783128,80.54728017854093
49.79368452332071,80.4154277615482
48.89441124857755,80.33956675894375
48.75493655782177,80.17546824820089
47.58611901224418,80.01018117951533
46.50282596210963,80.2472468126543
47.07245527526294,80.55942414012951
44.84695804218114,80.58980988231714
,
53.50828982932515,73.7498139513002
55.90245893740766,74.62748647734536
55.63193281435969,75.08141225859718
57.86864383324885,75.60939036732326
61.17004438664748,76.25188345000812
64.49836836127017,76.43905548776927
66.21092532742284,76.80978221303117
68.1570597675348,76.93969676381293
68.85221113472508,76.5448113064546
68.1805725442276,76.23364166940907
64.63732628770302,75.73775462513625
61.58350752141476,75.26088450794684
58.47708214705335,74.30905630156285
56.98678551618803,73.33304352486623
55.41933597191093,72.37126760526603
55.62283776227633,71.54059479439032
57.53569257999231,70.72046397570212
56.94497928246388,70.63274323188666
53.67737511578417,70.76265778266846
53.41201663596539,71.20666168892022
51.60189456564567,71.47475901965045
51.45575361512422,72.01488108996513
52.47827518088354,72.22944163684097
52.44416873557088,72.77473135038481
54.42761355979758,73.6275475124976
53.50828982932515,73.7498139513002
,
27.40750573091345,80.05640574820042
25.92465050629815,79.51783397085451
23.02446577321362,79.40003754344518
20.07518842945183,79.56682322866722
19.89726647307091,79.84236196564747
18.46226362475787,79.85988027619443
17.36801517097746,80.31889618602698
20.45599205901064,80.59815562613225
21.9079447771154,80.35767934846204
22.91925255706738,80.65714427359343
25.44762535981187,80.40734039989452
27.40750573091345,80.05640574820042
,
24.72410363129333,77.85385285105617
22.49033816904483,77.4449372423306
20.72600141773569,77.67704193796955
21.41608849456136,77.93503652618672
20.81188764820476,78.25462942169581
22.88426761240578,78.45495311147526
23.28134931813654,78.0795238308748
24.72410363129333,77.85385285105617
,
15.14282799648939,79.6743102078343
15.52254642097006,80.01609813101275
16.99082889167906,80.05087636994519
18.25183719246536,79.70175039338129
21.54383263518687,78.95611115184185
19.0273970883018,78.56259511993922
18.4717204118673,77.82667104767067
17.59440962084815,77.63794871694073
17.11821129727855,76.80942047800512
15.91316857266435,76.77045644805706
13.76260216640574,77.38034170196575
14.66957522956042,77.73566885040468
13.17059695807004,78.02492768015843
11.22229210780182,78.86929474559149
10.44456180180913,79.65239940054254
13.17075198736691,80.01046539989294
13.71852216966076,79.66040924754778
15.14282799648939,79.6743102078343
,
-77.88157141794525,7.223771267114785
-78.21493608266012,7.512254950384161
-78.42916073272607,8.052041123888927
-78.18209570993864,8.319182440621773
-78.4354652574657,8.38770538984079
-78.62212053090394,8.718124497915028
-79.12030717641375,8.996092027213024
-79.55787736684519,8.932374986197146
-79.76057817251005,8.5845150822244
-80.16448116730334,8.333315944853595
-80.38265906443962,8.298408514840432
-80.4806892564973,8.09030752200107
-80.00368994822716,7.547524115423372
-80.276670701809,7.419754136581716
-80.42115800649708,7.271571966984765
-80.8864009264208,7.220541490096537
-81.05954281281473,7.817921047390597
-81.18971574575795,7.64790558515034
-81.51951473664468,7.706610012233909
-81.72131120474447,8.108962714058435
-82.13144120962892,8.175392767769637
-82.39093441438257,8.29236237226229
-82.60549496125842,8.291613063994063
-82.82008134635042,8.290863755725823
-82.85095801464482,8.073822740099956
-82.96578304719736,8.225053819202117
-83.50843726269431,8.446926581247283
-83.71147396516908,8.656836249216866
-83.59631303580665,8.830443223501419
-83.63264156770784,9.051385809765321
-83.90988562695374,9.29080272057358
-84.30340165885636,9.487354030795714
-84.64764421256866,9.61553742109571
-84.71335079622777,9.908051866083852
-84.97566036654133,10.08672313073301
-84.91137488477024,9.795991522658923
-85.11092342806532,9.55703969974131
-85.33948828809227,9.83454214114866
-85.66078650586698,9.933347479690724
-85.79744483106285,10.13488556562903
-85.79170874707843,10.43933726647661
-85.65931372754667,10.75433095951172
-85.80051957878422,10.82479177494169
-85.94172543002176,10.8952784285878
-85.7125404528073,11.08844493249482
-86.05848832878526,11.40343862552994
-86.52584998243296,11.8068765324326
-86.74599158399633,12.14396190027249
-87.16751624220116,12.45825796147166
-87.66849341505471,12.90990997970263
-87.55746660027562,13.06455170333606
-87.39238623731923,12.91401825606984
-87.31665442579549,12.98468577722898
-87.48940873894722,13.29753489832397
-87.64125993523689,13.34102061609759
-87.79311113152657,13.38448049565505
-87.90411210808952,13.14901683191714
-88.48330156121682,13.16395132084949
-88.84322791212972,13.25975942631862
-89.2567427233293,13.4585328231293
-89.81239356154767,13.520622056528
-90.09555457229098,13.73533763270073
-90.60862403030085,13.90977142990195
-91.23241024449605,13.92783234298796
-91.68974667027913,14.12621816655646
-92.22775000686983,14.53882864019093
-93.35946387406186,15.61542959234367
-93.87516883011861,15.94019013108195
-94.6916564603302,16.20097524664288
-95.25022701697306,16.12831818284052
-96.05338212765335,15.75208791753952
-96.55743404822829,15.65351512294278
-97.26359249549674,15.91706492763133
-98.01302995480964,16.10731171311386
-98.9476757474566,16.56604340256882
-99.69739742714711,16.70616404872824
-100.8294988675813,17.17107107184208
-101.6660886299545,17.64902639410961
-101.9185280017003,17.91609019619402
-102.4781320869889,17.97575063727498
-103.5009895495581,18.29229462327885
-103.9175274320468,18.74857168219995
-104.9920096504756,19.3161339380616
-105.4930384997614,19.94676727953548
-105.7313960437077,20.43410187426399
-105.3977729968314,20.53171865486334
-105.5006607735245,20.81689504646604
-105.2707523262579,21.0762848983551
-105.2658172269741,21.42210358325231
-105.6031609769754,21.87114594165255
-105.6934138659732,22.26908030851612
-106.028716396899,22.77375234627856
-106.9099804349885,23.76780019784503
-107.9154487780914,24.54891531015284
-108.401904873471,25.17231395110586
-109.2601987374067,25.58060944264395
-109.4440893217173,25.82488393808763
-109.2916438464563,26.44293406829844
-109.8014576892318,26.67617564544782
-110.3917317370857,27.16211497650444
-110.6410188464617,27.85987600352546
-111.1789188301878,27.94124054616901
-111.7596068998516,28.46795258230394
-112.2282346260904,28.95440867768349
-112.2718236967287,29.26684438732014
-112.809594489374,30.02111359305234
-113.1638105945187,30.78688080496946
-113.1486693998572,31.17096588797881
-113.8718810697819,31.56760834403508
-114.2057366606036,31.52404511161303
-114.776451178835,31.79953217216101
-114.9366997953721,31.39348460542762
-114.7712318591736,30.91361725516528
-114.6738992989518,30.16268117931592
-114.3309744942629,29.7504324407075
-113.5888750883355,29.06161143647297
-113.4240531075405,28.82617361095121
-113.2719693673056,28.75478261973998
-113.1400394356644,28.41128937429589
-112.9622983467965,28.42519033458241
-112.7615870837749,27.78021678314754
-112.4579105294117,27.52581370697464
-112.2449519519369,27.17175263112687
-111.6164890206193,26.66281728770036
-111.2846746488731,25.73258983001435
-110.9878193835725,25.29463206634072
-110.7100068835714,24.82600434010186
-110.655048997829,24.298594672131
-110.1728562081135,24.26554759368035
-109.7718470935285,23.81118256275406
-109.4091043770558,23.36467234953612
-109.4333923002329,23.18558767342864
-109.8542193266018,22.818271592698
-110.0313919747145,22.82307750090115
-110.2950709704838,23.43097321216659
-110.9495013090281,24.00096426034597
-111.6705684070127,24.48442312265259
-112.1820358956215,24.73841278736714
-112.1489888171709,25.47012523040393
-112.3007108223798,26.0120042994165
-112.7772967191916,26.32195954030317
-113.464670783322,26.76818553314349
-113.5967299060438,26.63945954030443
-113.8489367338443,26.90006378835235
-114.4657466296801,27.14209035899134
-115.0551421781851,27.72272675222282
-114.9822525704374,27.79820018158511
-114.570365566855,27.74148529714478
-114.1993287829994,28.11500254975044
-114.1620183988847,28.56611196544234
-114.9318422107367,29.27947927501551
-115.5186539376271,29.55636159923537
-115.8873652820296,30.18079376883422
-116.2583503894529,30.83646434175351
-116.721526252085,31.63574372001192
-117.1277546863314,32.53532705334885
-117.2959376912739,33.04622461520375
-117.944,33.62123643120128
-118.4106022758976,33.74090922312447
-118.5198948227998,34.02778157757573
-119.081,34.078
-119.4388406420167,34.34847717828417
-120.3677894763834,34.44709666598671
-120.6228643461761,34.60855967868267
-120.7443298002782,35.15687246351558
-121.7145806547742,36.16151398370189
-122.5474755522385,37.55176504165017
-122.5119996814701,37.78337881118235
-122.953187222162,38.113694566392
-123.7271968250297,38.95165375422087
-123.865172899249,39.7669786647059
-124.3980602690428,40.313198554031
-124.1788488432607,41.14203685156036
-124.2137045968415,41.99963308366016
-124.53284,42.76599
-124.14214,43.70838000000001
-124.020535,44.615895
-123.89893,45.52341
-124.079635,46.86475
-124.39567,47.72017
-124.6872100830078,48.18443298339844
-124.5661010742188,48.37971496582031
-123.12,48.04000000000001
-122.5873697579678,47.09598867450084
-122.3399946765866,47.36000356708003
-122.5000107491784,48.18000519468748
-122.84,49.0
-122.97421,49.00253777777778
-124.9102512277037,49.98457204853585
-125.6246003894904,50.41656118427976
-127.4356009591591,50.83059275980224
-127.9927504139139,51.71583588317819
-127.8503301665175,52.32962270772491
-129.129786953632,52.75538483337766
-129.3052284412629,53.56158885356318
-130.5149737212157,54.28756521261556
-130.5361093820231,54.8027534043494
-131.0858174305279,55.17890615500194
-131.9672106596981,55.49777558045893
-132.2500099354153,56.36999624289732
-133.5391818918007,57.17888743756203
-134.0780637277404,58.12306753196684
-135.0382118397234,58.18771474876397
-136.628063117399,58.21220937767033
-137.8000070871302,58.49999542910376
-139.8677878488573,59.53776154238916
-140.8252746245772,59.72751740176493
-142.5744443430087,60.0844465196049
-143.9588818023242,59.9991804063233
-145.9255576242721,60.4586097276142
-147.1143739491467,60.88465607364455
-148.2243062001277,60.67298940697705
-148.0180655588508,59.97832896589352
-148.5708225168608,59.91417267520318
-149.7278578358759,59.70565827090546
-150.6082433746164,59.36821116803952
-151.7163927886833,59.15582103131994
-151.8594331532672,59.74498403587958
-151.4097190012472,60.72580272077933
-150.3469414947325,61.03358755150973
-150.6211108062571,61.28445079207063
-151.8958391998169,60.72719798445121
-152.5783298410956,60.06165721296418
-154.0191721262576,59.35027944603425
-153.2875113596531,58.8647276882198
-154.2324924387585,58.14637360293046
-155.3074914215102,57.7277945013663
-156.3083347239231,57.42277435976352
-156.5560973785464,56.9799848496706
-158.1172165598678,56.46360809999405
-158.4333212961972,55.99415355083853
-159.6033273997175,55.56668610292015
-160.2897196116343,55.64358063417046
-161.2230476552578,55.36473460552351
-162.237766079741,55.02418691672007
-163.0694465810464,54.68973704692707
-164.7855692210272,54.40417308208217
-164.9422263255201,54.57222483989534
-163.8483396067657,55.03943146424616
-162.870001390616,55.34804311789323
-161.8041749745961,55.89498647727042
-160.5636047027812,56.00805451112504
-160.0705598622845,56.41805532492877
-158.6844429189195,57.01667511659782
-158.4610973785541,57.21694712994498
-157.7227703521839,57.57000051536306
-157.5502744211936,58.32832632103016
-157.041674974577,58.91888458926169
-158.1947312083056,58.61580231386985
-158.517217984023,58.78778148053721
-159.0586061269289,58.42418610293159
-159.7116670400174,58.93139028587632
-159.9812888255002,58.57254914004156
-160.3552711659965,59.07112335879354
-161.3550034251151,58.6708377142607
-161.9688936025264,58.67166453717736
-162.0549865387247,59.2669511989636
-161.8741707021354,59.63362132429059
-162.5180590484921,59.98972361921389
-163.8183414378202,59.79805573184333
-164.6622175771466,60.2674844427827
-165.3463877024748,60.50749563256231
-165.3508318756519,61.07389516869739
-166.121379157556,61.50001902937618
-165.7344518707706,62.07499685327171
-164.9191786367179,62.6330764838078
-164.5625079010394,63.14637848576298
-163.7533324859971,63.21944896102367
-163.0672244944579,63.05945872664804
-162.2605553863818,63.54196157495726
-161.5344498362486,63.45581696232672
-160.7725066803211,63.76610810002326
-160.9583351308427,64.2227985704027
-161.5180684072122,64.40278758407528
-160.7777776764149,64.7886038275664
-161.3919262359877,64.77723501246221
-162.453050096669,64.55944468856809
-162.7577860178941,64.33860545516877
-163.5463942128843,64.55916046819051
-164.9608298411451,64.4469450954687
-166.4252882558645,64.6866720648707
-166.8450042389392,65.0888955756145
-168.1105600657671,65.66999705673662
-166.7052711660219,66.08831777613933
-164.4747096425755,66.57666006129752
-163.6525117665956,66.57666006129752
-163.7886016510363,66.07720734319658
-161.6777744212102,66.11611969671235
-162.4897145253801,66.73556509059505
-163.7197169667912,67.11639455837
-164.4309913808566,67.61633820257772
-165.3902868317067,68.04277212185026
-166.7644406809961,68.35887685817967
-166.2047074046267,68.88303091091613
-164.4308105133435,68.91553538682773
-163.1686136546145,69.37111481391288
-162.930566169262,69.8580618353992
-161.9088972646356,70.33332998318757
-160.9347965159337,70.44768992784948
-159.0391757883871,70.89164215766895
-158.1197228668339,70.82472117785098
-156.5808245513981,71.35776357694165
-155.0677902903243,71.14777639432363
-154.3441652089412,70.69640859647025
-153.9000062733926,70.88998851183563
-152.2100060699353,70.82999217394475
-152.2700024078262,70.60000621202978
-150.7399924387445,70.43001658800564
-149.7200030181675,70.53001048449043
-147.613361579357,70.21403493924176
-145.6899906076696,70.12000967068671
-144.9200117665207,69.98999176704037
-143.5894469878696,70.1525141465983
-142.0725111561578,69.85196401638875
-140.985988329005,69.71199839952622
-139.1205207997006,69.47100535753306
-137.5463533192256,68.99000112576032
-136.5035745920079,68.89801707628077
-135.6257470366658,69.31512339952464
-134.4146323312573,69.62742991808058
-132.9292449614597,69.505344346791
-131.4313518950475,69.94451650662351
-129.7947076079316,70.19370026313491
-129.1077211170434,69.7792552761541
-128.3615651111811,70.01285858832951
-128.1381678943833,70.48383759223763
-127.4471248035602,70.37720327420335
-125.7563236154024,69.48056549750707
-124.42482866097,70.15840525987956
-124.2896689523106,69.39969188097028
-123.0610876127874,69.56371287706467
-122.6834879220307,69.8555296902169
-121.4722698637576,69.79778127713074
-119.9428800118635,69.37785858832696
-117.6026869373099,69.01129181586457
-116.2264401925127,68.84148305935348
-115.2468875802041,68.90592357042142
-113.8979518298732,68.39890025498973
-115.3048943754517,67.90262563747471
-113.4972786120981,67.68816844346343
-110.7980118477644,67.80609406195349
-109.9461775378652,67.98104462347762
-108.8801960925484,67.38144297959501
-107.7923813545884,67.88732941351633
-108.8129908923528,68.31164459906488
-108.1672163562174,68.65394928656626
-106.9500038317985,68.69999298773833
-106.150000983488,68.79998688422309
-105.342815111089,68.5612159288185
-104.3379152087412,68.01801911078248
-103.2211616686977,68.09775584580883
-101.4543444486385,67.64687897406223
-99.90195858437448,67.80562897406286
-98.44321041542332,67.78165110947943
-98.55860388873108,68.40393870713818
-97.66948503293327,68.57865672471699
-96.11991553422915,68.23940094672083
-96.12588416215885,67.29338633896965
-95.48943722205215,68.09070201280097
-94.68499020056456,68.0638302680092
-94.23282141801066,69.06901439073458
-95.3040738594212,69.68572093370581
-96.47131527381387,70.08977895779596
-96.39113928911304,71.19482778592537
-95.20880835649112,71.92051992460016
-93.88997412797022,71.76016795519847
-92.87817542191148,71.318696194129
-91.51965369339042,70.1912714708172
-92.40691219762576,69.69998362901835
-90.54710323765737,69.49767039659567
-90.55149573440218,68.4749938015395
-89.21514319533433,69.25871857367805
-88.01966061069413,68.61508860948275
-88.31749772820834,67.87337677679751
-87.35016659213676,67.1987409532271
-86.30607011589562,67.9214616970451
-85.57663143587968,68.78456146918397
-85.52198360873102,69.88209137641492
-84.10080420605608,69.80540355089379
-82.62257402213088,69.65825490994267
-81.28043372264632,69.16203196885995
-81.22020484081015,68.6656798366965
-81.96437130402929,68.13253408474127
-81.25927222362282,67.59716624619743
-81.38652543814156,67.11078766546633
-83.34457129589678,66.41155386012498
-84.73541663281641,66.25729970973374
-85.76943620476065,66.5583149278339
-86.06760921908479,66.05625254990223
-87.0314263577605,65.21297068954728
-87.3232431709127,64.77563304306115
-88.48296566440692,64.09898183863136
-89.91442867710796,64.03273265243318
-90.7039928860955,63.61017446558255
-90.77003536656451,62.96021413843151
-91.93342688675146,62.83507965763674
-93.15696977412614,62.02468984643556
-94.24152889685183,60.89866038679565
-94.62930884477005,60.11020722110239
-94.68460262732236,58.94880524355869
-93.21502824580605,58.78212291120124
-92.7646164619501,57.84572011985635
-92.29702226435708,57.0870842555955
-90.89767615432544,57.28466909446348
-89.0395208401904,56.85172394472216
-88.03978858107182,56.47161794699929
-87.32419918491009,55.99911448833855
-86.07120073112904,55.72383413351974
-85.01180803092949,55.30261953390868
-83.36053931347496,55.24489695903866
-82.27285376659565,55.14831370708515
-82.43620296907024,54.28226837830564
-82.1250333320247,53.27703257914797
-81.40073645702181,52.15785024678672
-79.91289445669035,51.20839915628814
-79.14301896840601,51.53393484151078
-78.60191504587782,52.56206330017376
-79.12420874705178,54.14145010031027
-79.82956620961971,54.66772288677072
-78.22873369008205,55.13645396587417
-77.095598721002,55.83741893169727
-76.54136898467166,56.53422394472089
-76.62319861520584,57.20263275820014
-77.3022527737372,58.05208995221395
-78.51688147654153,58.80457632103206
-77.33674679229202,59.85262604434355
-77.77271501332241,60.75789378523259
-78.10688066273781,62.31965892195758
-77.41066992868555,62.55054922143768
-75.69620093453807,62.27839529077252
-74.66820166695584,62.18111440698307
-73.83988013374939,62.44378571232266
-72.9085416327691,62.10507253686558
-71.67709225125375,61.52536631941534
-71.37369991726817,61.13719879825494
-69.59042375352405,61.06141531029891
-69.6203185696049,60.22123403588148
-69.28788408067129,58.95735769310299
-68.37455481634471,58.80106232363622
-67.64976701523504,58.21205434837344
-66.2017675442006,58.76731761334962
-65.24518510604574,59.8707127956457
-64.58352006698058,60.3355939805434
-63.80475623234206,59.44257355410754
-62.50235510928999,58.16709585227951
-61.39655697289231,56.96742747662366
-61.79865129255538,56.33945547141284
-60.46852576357871,55.77548472759547
-59.56961422386158,55.20407257752808
-57.97508622906354,54.94548371033954
-57.33321326356617,54.6264850938018
-56.93688086610365,53.78033519145467
-56.15811703146511,53.64747508403227
-55.75630693217965,53.27036631938232
-55.68339148621583,52.14663646097939
-56.40916113953904,51.77069041605601
-57.12692094585701,51.4197040879296
-58.77483069521256,51.06429942484225
-60.03310014508739,50.2427733424822
-61.72366878929988,50.08045766865341
-63.86250464542823,50.2909874538105
-65.36331743026496,50.29817047789908
-66.39904232447483,50.22897573506026
-67.23630388046776,49.51155182555217
-68.51113562689214,49.06837474221707
-69.95363155788749,47.7448896347899
-71.10456905789209,46.82171601011173
-70.25521521674287,46.98607290301604
-68.6499902004604,48.29999787046922
-66.55244381373326,49.13307363544649
-65.05625606958665,49.23278331155367
-64.17098710799456,48.74250316018453
-65.11545142277699,48.07086456968705
-64.79854570174707,46.992971706727
-64.47218319360775,46.23849579526565
-63.17329606795151,45.73901723894854
-61.52070960147353,45.88376292579808
-60.51813513857891,47.00793203387551
-60.44860449893019,46.28265330665906
-59.8028816392271,45.92040151629303
-61.03988623721381,45.26524770769664
-63.25471228702736,44.67014191342344
-64.24656389022142,44.26551544857807
-65.3640667385332,43.54524933529393
-66.12340023462998,43.61868154558069
-66.1617183091744,44.46511566830543
-64.42549353703204,45.29204193783998
-66.02604183619209,45.25930491798309
-67.13742102727727,45.13750356707113
-66.96466000000001,44.80970000000001
-68.03252,44.3252
-69.06,43.98
-70.11617000000001,43.68405
-70.64547563341108,43.09023834896399
-70.81489681668,42.86529083919747
-70.82499955919306,42.33498729101827
-70.49499386257716,41.80499380143282
-70.08000627305726,41.78000824641968
-70.1849869452582,42.14499888769718
-69.88497941758774,41.92281606705828
-69.96502621120786,41.63717458756496
-70.63999793158814,41.47498810481691
-71.1203820461734,41.4944442815748
-71.85382564969197,41.31998464615744
-72.29498735216768,41.26998769791504
-72.8764247300997,41.2206367050763
-73.71000000000001,40.93110235165436
-72.24124386258414,41.11948008886496
-71.94500871447097,40.9300084498668
-73.34500077990626,40.63000092219634
-73.98199032255204,40.6280113795531
-73.952325,40.75075
-74.25670223661564,40.4734988470004
-73.96244,40.42763
-74.1783866034773,39.70925608983589
-74.90604244657918,38.93953563084843
-74.98040483264718,39.19639333755519
-75.20002966988764,39.24845734308924
-75.52804582386031,39.49849376073348
-75.31999650745323,38.95999949803601
-75.07183476478983,38.78203223017923
-75.05673,38.40412000000001
-75.37746070016179,38.01550934503744
-75.94024288603643,37.21690176039883
-76.03127092151857,37.25658926039898
-75.72205000000001,37.93705
-76.23287,38.319215
-76.35000000000001,39.15
-76.542725,38.717615
-76.32933,38.08326
-76.98999793161354,38.23999176691333
-76.30162,37.917945
-76.25874,36.9664
-75.9718,36.89726
-75.86805091012468,36.55125763604721
-75.72749101429079,35.55075023044425
-76.36318864612927,34.80854747165222
-77.39763500000001,34.51201
-78.05496000000001,33.92547
-78.55434688995314,33.86134430595833
-79.06067000000002,33.49395
-79.20357,33.15839
-80.301325,32.509355
-80.86498,32.0333
-81.33629,31.44049
-81.49042090526437,30.72998505301611
-81.31371,30.03552
-80.97998694530139,29.18000214285365
-80.535585,28.47213
-80.52998857290376,28.03999420827878
-80.05653928497766,26.88
-80.088015,26.205765
-80.13156,25.816775
-80.38103000000001,25.20616
-80.68000525584706,25.07999400481643
-81.17211992056258,25.20125275318931
-81.32999142121425,25.6399856633473
-81.70999406607253,25.86999746347844
-82.24001339387414,26.72999664967979
-82.70515,27.49504
-82.85526,27.88624
-82.65001420767786,28.54998891856728
-82.93,29.1
-83.70959,29.93656
-84.1,30.09
-85.10882000000001,29.63615
-85.28784,29.68612
-85.7731,30.15261
-86.3999920315861,30.40000519461636
-87.53036231153854,30.27432811128251
-88.41782752150303,30.38491567638712
-89.18048999999999,30.31598
-89.59383117841979,30.15999400483675
-89.41373499999999,29.89419
-89.43,29.48864
-89.21767000000001,29.29108
-89.40823000000002,29.15961
-89.77928,29.30714
-90.15463,29.11743
-90.88022500000001,29.148535
-91.626785,29.677
-92.49906,29.5523
-93.22636999999999,29.78375
-93.84842,29.71363
-94.69000281449686,29.48000967052413
-95.60025733110206,28.73863373464877
-96.59404680050707,28.30747142182152
-97.14000830767073,27.83000702566077
-97.3699942695857,27.38000865326312
-97.37999365923417,26.68999909108588
-97.32999671099181,26.21000254974282
-97.14000830767073,25.86999746347844
-97.52807247596655,24.99214406992024
-97.70294552284224,24.27234304452674
-97.77604183631911,22.93257986092763
-97.87236670611115,22.44421173755327
-97.6990439522042,21.89868948006412
-97.38895952023682,21.41101898852571
-97.18933346229332,20.63543325447313
-96.52557552772033,19.89093089444411
-96.29212724484181,19.32039724372568
-95.90088497596004,18.8280241968487
-94.83906348344277,18.56271739346222
-94.42572953975622,18.14437083584336
-93.5486512926824,18.42383698167782
-92.7861138577835,18.52483856859229
-92.0373481920904,18.70459503831957
-91.40790340855925,18.87608327888015
-90.77186987991085,19.28412038825678
-90.53358985061305,19.8674181177513
-90.45147599970126,20.70752187752029
-90.27861833368493,20.99985545499541
-89.6013211738515,21.26172577563449
-88.54386633986289,21.49367544197656
-87.6584165107578,21.45884552661184
-87.05189022494808,21.54354319913821
-86.81198238803304,21.33151479744465
-86.84590796583268,20.84986461026826
-87.38329118523586,20.25540477139869
-87.62105445021076,19.64655304613584
-87.43675045444179,19.47240346931223
-87.58656043165594,19.0401301131907
-87.83719112827153,18.25981598558342
-88.09066402866317,18.51664785407402
-88.3000310940937,18.4999822046599
-88.29633622918482,18.35327281338327
-88.10681291375438,18.34867361090929
-88.1234785631685,18.07667470954101
-88.2853549873228,17.64414297125803
-88.19786678745265,17.48947540940846
-88.30264075392444,17.13169363043566
-88.23951799187991,17.03606639247955
-88.35542822951057,16.53077423752963
-88.55182451043585,16.26546743414315
-88.73243364129594,16.2336605900675
-88.93061275913527,15.88727346441508
-88.60458614780585,15.70638011317736
-88.51836402052686,15.85538910569097
-88.18998613152814,15.71999685308627
-88.12115312371537,15.68865509690126
-87.90181250685251,15.86445831955821
-87.61568010125242,15.8787985295192
-87.5229209052885,15.79727895757877
-87.36776241733216,15.84694000901126
-86.90319129102821,15.75671295822966
-86.4409456041774,15.78283539475319
-86.11923397494434,15.89344879807395
-86.00195431185793,16.00540578863429
-85.68331743034625,15.95365184169398
-85.44400387240259,15.88574900966246
-85.18244361035727,15.90915843349067
-84.98372188997887,15.99592316330873
-84.52697974316715,15.85722361903734
-84.36825558138266,15.83515778244872
-84.06305457226686,15.64824412684901
-83.77397661002611,15.42407176356686
-83.41038123242049,15.27090281825375
-83.14721900097413,14.99582916916411
-83.23323442252394,14.8998660343981
-83.2841615465476,14.6766238468972
-83.18212643098728,14.31070302983845
-83.41249996614445,13.97007782638656
-83.51983191601468,13.56769928634588
-83.55220720084554,13.12705434819309
-83.49851538769427,12.86929230392123
-83.47332312695198,12.41908722579443
-83.62610449902292,12.32085032800757
-83.71961300325506,11.89312449792773
-83.65085751009072,11.62903209070012
-83.8554703437504,11.37331126550379
-83.80893571647155,11.10304352461728
-83.65561174186158,10.93876414636142
-83.59000851106704,10.78500092207695
-83.40231970898296,10.39543813724465
-83.01567664257517,9.992982082555557
-82.54619625520348,9.566160590040823
,
-82.54619625520348,9.566160590040823
-82.18712256542341,9.20744863528678
-82.20758643261097,8.9955752628901
-81.80856686066929,8.950616766796173
-81.71415401887204,9.031955471223583
-81.43928707551154,8.786234035675719
-80.94730160187676,8.858503526235907
-80.52190121125008,9.111072089062432
-79.91459977895599,9.31276520429762
-79.57330278188431,9.611610012241528
-79.02119177927793,9.552931423374105
-79.05845048696037,9.454565334506526
-78.50088762074719,9.420458889193881
-78.05592770049802,9.2477304142583
-77.72951351592641,8.946844387238869
-77.35336076527386,8.67050466555807
,
-71.71236141629296,19.71445587816736
-71.58730445014663,19.8849105900821
-71.38000444200779,19.90498688402749
-70.80670610216174,19.88028554939199
-70.21436499701613,19.62288524014616
-69.95081519232758,19.64799998624001
-69.76925004747008,19.29326711677244
-69.22212582057988,19.3132142196371
-69.25434607611385,19.01519623460987
-68.80941199408083,18.979100246654
-68.31794328476897,18.61219757738169
-68.68931596543452,18.20514232021861
-69.16494584824892,18.42264842373511
-69.62398759629764,18.38071299893025
-69.95293392605154,18.42830699307106
-70.1332329983179,18.2459150252969
-70.51713721381422,18.18429087978883
-70.66929846869763,18.42688589118303
-70.99995012071719,18.28332876227621
-71.4002099270339,17.5985643579766
-71.65766191271202,17.7575727401387
-71.70830481635805,18.04499705654609
-72.37247616238935,18.21496084235406
-72.84441118029488,18.14561107021837
-73.45455481636503,18.2179063989947
-73.92243323433566,18.030992743395
-74.45803361682478,18.34254995368271
-74.36992529976713,18.66490753831941
-73.44954220243272,18.52605296475114
-72.69493709989064,18.44579946540186
-72.334881557897,18.66842153571525
-72.79164954292489,19.10162506761803
-72.78410478381028,19.48359141690341
-73.41502234566175,19.63955088956028
-73.18979061551762,19.91568390551191
-72.57967281766362,19.87150055590236
-71.71236141629296,19.71445587816736
,
14.76124922044619,38.14387360285046
15.52032433438151,38.23118093520758
15.16024295417174,37.44404551853776
15.30989790208901,37.13421946873183
15.09998823411942,36.6199872909954
14.33522871263199,36.99663096775473
13.82673261887996,37.10453135838016
12.43100385910876,37.61294993748375
12.57094363775514,38.12638113051966
13.74115644700461,38.03496552179533
14.76124922044619,38.14387360285046
,
37.53913536962585,44.65722280535048
38.67999596533355,44.27998484961979
39.95500857927092,43.43499766699922
,
132.3711763856302,33.46364248304006
132.9243725933147,34.06029857028204
133.4929683778222,33.94462087659667
133.9041060731363,34.36493113864263
134.6384281760039,34.14923371025635
134.7663790223585,33.80633474378362
134.2034159689709,33.20117788342964
133.7929500672765,33.5219851750976
133.2802681825088,33.28957042086489
133.0148580262578,32.70456736910474
132.3631148621927,32.98938202568139
132.3711763856302,33.46364248304006
,
-16.25688330734717,19.09671580655031
-16.37765112961327,19.59381724698198
-16.27783810064152,20.0925206568147
-16.53632361496547,20.56786631925149
-17.06342322434257,20.99975210213083
-17.02042843267574,21.42231028898148
-16.97324784999326,21.885744533775
-16.58913692876776,22.15823436125005
-16.26192175949562,22.67933950448131
-16.32641394699587,23.01776845956079
-15.98261064295805,23.72335846607402
-15.42600379074227,24.35913361256094
-15.08933183436072,24.520260728447
-14.82464514816175,25.10353261972537
-14.80092566573977,25.63626496022229
-14.43993994796489,26.25441844329768
-13.77380489750649,26.61889232025227
-13.13994177901438,27.64014781342041
-12.61883663578313,28.03818553314857
-11.68891923669086,28.14864390717246
-10.90095699710439,28.83214223888092
-10.39959225100863,29.09858592377782
-9.564811163765697,29.9335737167499
-9.814718390329206,31.17773550060905
-9.43479326011935,32.03809642183644
-9.300692918321941,32.56467926689064
-8.657476365584985,33.2402452662423
-7.654178432638275,33.69706492770246
-6.912544114601445,34.11047638603745
-6.244342006851383,35.14586538343742
-5.929994269219918,35.75998810479405
-5.193863491222174,35.75518219659089
-4.591006232105173,35.33071198174545
-3.640056525070122,35.39985504815198
-2.604305792644113,35.1790933294011
-2.169913702798624,35.16839630791668
-1.208602871089056,35.7148487411871
-0.1274543928946059,35.88866242120081
0.5038765804152092,36.30127289483528
1.466918572606545,36.60564708103441
3.161698846050825,36.78390493422522
4.81575809084913,36.86503693292346
5.320120070017794,36.71651886651662
6.261819695672613,37.11065501560674
7.330384962603971,37.11838064223437
7.737078484741005,36.88570750584022
8.420964389691676,36.94642731378316
9.509993523810607,37.34999441176654
10.21000247563632,37.23000173598481
10.18065026209453,36.72403778741509
11.02886722173335,37.09210317641396
11.10002566899925,36.89999603936892
10.60000451014309,36.41000010837737
10.59328657394514,35.94744436293281
10.93951867030069,35.69898407647349
10.80784712082101,34.83350718844919
10.14959272628712,34.33077301689771
10.33965864425662,33.78574168551532
10.85683637863369,33.76874013929128
11.10850060389512,33.2933428004222
11.48878746913101,33.13699575452314
12.663341098693,32.79277903902697
13.08326378749678,32.87882029879293
13.91866499192719,32.71195709892248
15.24561242031791,32.2650851506785
15.71395592617918,31.37625051525828
16.61162723152131,31.18217967378615
18.02110192228216,30.76357473400583
19.08641157397912,30.26639577892571
19.57403038908524,30.52581146903091
20.05338097502465,30.98575755464474
19.82032026538832,31.75178314872332
20.13399620939998,32.23818756767058
20.85452070484556,32.70678945569328
21.54300581227019,32.84321523694383
22.89579145680685,32.63857656506802
23.23680423350092,32.19149791109487
23.60913292816389,32.18726044364693
23.9275114275141,32.01667654065146
24.92114586762224,31.89934520113276
25.16480024587844,31.56915863700384
26.49531334809731,31.5856692571211
27.45763187023655,31.32126679129972
28.45049116386033,31.02575511323865
28.91351199719551,30.87005402274323
29.68343916191213,31.18685639090856
30.09504194511692,31.473402207967
30.97695193861003,31.55585195568868
31.68796797051391,31.42960643159964
31.96040612155668,30.93361603446223
32.19248497897948,31.26034027762761
32.99393476739414,31.02407562918916
33.77337039565245,30.96746409761342
34.26543338393569,31.21936086682015
34.55637169773891,31.548823960897
34.48810713068136,31.60553884533732
34.75258711115117,32.07292633720117
34.95541710789678,32.82737641044638
35.09845747248067,33.08053925224426
35.12605268732455,33.09090037691878
35.48220665868013,33.90545014091944
35.9795923194894,34.61005829521913
35.99840254084364,34.6449140488
35.90502322769223,35.41000946709732
36.14976281102653,35.82153473565367
35.78208499526986,36.27499542901485
36.160821567537,36.65060557712833
35.55093631362831,36.56544281671133
34.71455325698435,36.7955321314909
34.02689497247638,36.21996002862402
32.50915815606407,36.10756378838919
31.69959516777957,36.64427521417258
30.6216247901711,36.6778648951623
30.39109622571706,36.26298065850699
29.69997562024554,36.14435740818099
28.73290286633542,36.67683136651647
27.64118655773732,36.65882212986274
27.04876793794326,37.653360907536
26.31821821463305,38.2081332464054
26.80470014822873,38.98576019953352
26.17078535330433,39.46361216893646
27.28001997244939,40.42001373957831
28.81997765474722,40.46001129817221
29.24000369641558,41.21999074967267
31.14593387220444,41.08762156835702
32.34797936374571,41.73626414648461
33.51328291192746,42.01896006933731
35.16770389175178,42.04022492122542
36.9131270688421,41.33535838476427
38.34766482926452,40.94858612727573
39.5126066424202,41.10276276301855
40.37343265153822,41.01367259374735
41.55408410011066,41.53565623632757
41.70317060727271,41.96294281673292
41.45347008643839,42.64512339941794
40.87546919125379,43.01362803809128
40.32139448422032,43.12863393815685
39.95500857927092,43.43499766699922
38.67999596533355,44.27998484961979
37.53913536962585,44.65722280535048
36.67546715673177,45.24468048764449
37.40317467626593,45.40451569272325
38.23294314957656,46.24087291115107
37.67370079931391,46.63658519142609
39.14766767757499,47.04472565366731
39.12120934424155,47.26336863869423
38.22353803889942,47.10218984637589
37.42513715998999,47.0222205674042
36.75985477066439,46.69870026304093
35.82368452326483,46.64596446388707
34.96234174982388,46.27319651954964
35.02078779474598,45.65121898048466
35.51000857925317,45.40999339454619
36.52999799983016,45.46998973243706
36.33471276219916,45.11321564389397
35.23999922052812,44.93999624285161
33.88251102065288,44.36147858334407
33.32642093276004,44.56487702084489
33.54692426934946,45.03477081967489
32.4541744321055,45.32746613217608
32.63080447767913,45.51918569597891
33.58816206231839,45.85156850848024
33.29856733575471,46.08059845639784
31.74414025241518,46.33334788673739
31.67530724460241,46.70624502215554
30.7487488136091,46.583100084004
30.37760867688888,46.03241018328567
29.60328901542744,45.29330801043113
29.62654340995877,45.0353909368624
29.14161176933183,44.82021027279905
28.8378577003202,44.91387380632806
28.558081495892,43.70746165625813
28.03909508638472,43.29317169857418
27.67389773937805,42.57789236100622
27.99672041190539,42.00735871028779
28.11552452974442,41.62288605403624
28.98844282401873,41.29993419042819
28.80643842948674,41.05496206314856
27.61901736828409,40.99982330989314
27.19237674328238,40.69056570084242
26.35800906749779,40.15199392349651
26.04335127127257,40.61775360774317
26.05694217296534,40.82412344010076
25.44767703624416,40.8525454778613
24.92584842296083,40.94706167252313
23.71481123220076,40.68712921809501
24.40799889496395,40.12499298762401
23.89996788910256,39.96200552017544
23.34299930186074,39.96099782974575
22.81398766448882,40.47600515396655
22.62629886240475,40.25656118423912
22.84974775563481,39.65931081802579
23.35002729665243,39.19001129816714
22.97309939951549,38.9709032252496
23.53001631032501,38.51000112563838
24.02502485524889,38.21999298761638
24.04001102061352,37.65501455336933
23.11500288258898,37.92001129816207
23.40997195811099,37.40999074965741
22.77497195810847,37.30501007745647
23.15422529469851,36.42250580499201
22.49002811045107,36.41000010837737
21.67002648284361,36.84498647719421
21.29501061370149,37.64498932550471
21.12003421396122,38.31032339126259
20.73003217945444,38.7699852564988
20.2177120297128,39.34023468683962
20.15001590341046,39.62499766698399
19.9800004411702,39.69499339452332
19.96000166187324,39.91500580500598
19.40608198413665,40.25077342382242
19.31905887215714,40.7272301295535
19.40354983895435,41.40956574153539
19.54002729663719,41.71998607031267
19.37176883309485,41.8775475123706
19.16247928231274,41.95501048437612
18.88213463712935,42.28150218359617
18.4500163103047,42.47999136002926
17.50997033048324,42.84999461523907
16.93000573087153,43.2099984808004
16.01538455573765,43.50721548112712
15.17445397305201,44.24319122982799
15.37625044115177,44.31791535092204
14.92030927904057,44.73848399512944
14.90160241055091,45.0760602890761
14.25874759284002,45.2337767604309
13.95225467291692,44.80212352149688
13.65697553880116,45.13693512631593
13.67940311041582,45.48414907488502
13.71505984869722,45.50032379819238
13.93763024257831,45.59101593686462
13.1416064795543,45.73669179949542
12.32858117030625,45.38177806251483
12.38387495285855,44.8853742539191
12.2614534847591,44.60048208269399
12.58923709478645,44.09136587175446
13.52690595872249,43.58772736263786
14.02982099778703,42.76100779883247
15.14256961432793,41.95513967545685
15.9261910336019,41.96131500911572
16.16989708829038,41.74029490820339
15.8893457373778,41.54108226171822
16.78500166186055,41.17960561783656
17.51916873543118,40.87714345963222
18.37668745288252,40.35562490494263
18.48024702319543,40.16886627863981
18.29338504402804,39.81077444107326
17.73838016121331,40.27767100683035
16.86959598152234,40.44223460546381
16.44874311693732,39.79540070246644
17.17148969897147,39.42469981542068
17.05284061042931,38.90287120213735
16.63508833178182,38.84357249608242
16.100960727613,37.9858987493342
15.68408694831447,37.90884918878702
15.68796268073635,38.21459280044188
15.89198123542468,38.75094249119924
16.10933230964429,38.9645470240777
15.71881351081461,39.54407237401492
15.41361250169879,40.04835683853516
14.99849572109818,40.17294871679087
14.70326826341471,40.6045502792926
14.06067182786526,40.7863479680954
13.6279850602854,41.1882872584616
12.88808190273036,41.2530895045556
12.10668257004494,41.70453481705741
11.19190636561422,42.3554253199897
10.51194786951774,42.93146251074721
10.20002892420399,43.9200068222746
9.702488234097842,44.03627879493132
8.88894616052687,44.36633616797951
8.428560825238577,44.23122813575242
7.850766635783144,43.76714793555524
7.435184767291872,43.69384491634922
6.52924523278304,43.12889232031831
4.556962517931424,43.3996509873116
3.100410597352663,43.07520050716705
2.985998976258458,42.47301504166986
3.039484083680549,41.8921202662769
2.091841668312185,41.2260885686831
0.8105245296351882,41.01473196060934
0.7213310074994013,40.67831838638924
0.1066915218198686,40.12393362076202
-0.2787113102129411,39.30997813573272
0.1112907242938377,38.73851430923304
-0.467123582349103,38.29236583104115
-0.6833894514905976,37.64235382745782
-1.438382127274849,37.44306366632422
-2.146452602538119,36.67414419203729
-3.415780808923386,36.65889964451118
-4.368900926114719,36.67783905694615
-4.995219285492212,36.32470815687964
-5.377159796561457,35.94685008396146
-5.866432257500904,36.02981659600606
-6.236693894872175,36.36767711033033
-6.520190802425404,36.94291331638732
-7.453725551778092,37.09778758396607
-7.855613165711986,36.83826854099627
-8.382816127953689,36.97888011326246
-8.898856980820328,36.86880931248078
-8.746101446965556,37.65134552667661
-8.83999752443988,38.26624339451762
-9.287463751655224,38.3584858261586
-9.526570603869713,38.73742910415491
-9.446988898140235,39.39206614842837
-9.048305223008427,39.75509308527877
-8.977353481471683,40.15930613866581
-8.768684047877102,40.76063894303019
-8.79085323733031,41.18433401139126
-8.99078935386757,41.54345937760364
-9.034817674180246,41.88057058365968
-8.984433152695674,42.59277517350627
-9.392883673530648,43.0266246608127
-7.97818966310831,43.74833771420099
-6.754491746436756,43.56790945085393
-5.411886359061597,43.57423981380968
-4.347842779955783,43.40344920508504
-3.51753170410609,43.4559007838613
-1.901351284177764,43.42280202897834
-1.384225226232985,44.02261037859012
-1.193797573237418,46.01491771095486
-2.225724249673845,47.06436269793822
-2.963276129559603,47.57032664650795
-4.491554938159482,47.95495433205637
-4.592349819344776,48.68416046812699
-3.295813971357803,48.90169240985963
-1.616510789384961,48.64442129169454
-1.933494025063311,49.77634186461574
-0.98946895995536,49.34737580016091
1.338761020522696,50.12717316344526
1.6390010921385,50.9466063502975
2.513573032246143,51.14850617126186
3.314971144228537,51.34578095153609
3.830288527043081,51.62054454203196
4.705997348661185,53.09179840759775
6.07418257002081,53.51040334737807
6.905139601274129,53.48216217713056
7.100424838905127,53.69393219666266
7.936239454793877,53.74829580343371
8.121706170289428,53.5277924668443
8.80073449060464,54.02078563090876
8.572117954145398,54.39564647075402
8.526229282270208,54.96274363872503
8.120310906617533,55.5177226833236
8.08997684086222,56.54001170513759
8.256581658571207,56.80996938743033
8.543437534223415,57.11000275331695
9.424469028367554,57.1720661484995
9.775558709358535,57.44794078228966
10.58000573084612,57.73001658795485
10.54610599126266,57.21573273378612
10.25000003423023,56.89001618105044
10.36999271001196,56.60998159446079
10.91218183761831,56.45862132427789
10.66780398931002,56.08138336854721
10.36999271001196,56.19000722922473
9.649984978889279,55.46999949810206
9.921906365609118,54.98310415304803
9.939579705452957,54.59664195415326
10.95011233892052,54.36360708273305
10.93946699386839,54.00869334575247
11.95625247564331,54.19648550070113
12.5184403825466,54.47037059184805
13.64746707525944,54.07551097270586
14.11968631354259,53.75702912049104
14.80290042487346,54.05070628520575
16.36347700365573,54.51315867778573
17.62283165860867,54.85153595643291
18.62085859546164,54.68260569927078
18.69625451017546,54.43871877706929
19.6606400896064,54.42608388937393
19.88848147958129,54.86616038677151
21.26844892750347,55.19048167583531
21.05580040862242,56.03107636171107
21.09042361825797,56.78387278912294
21.58186648935367,57.41187063254993
22.52434126149288,57.75337433535076
23.3184529965221,57.00623647727487
24.12072960785343,57.02569265403277
24.31286258311462,57.79342357037697
24.42892785004216,58.38341339785329
24.06119835785319,58.25737457949341
23.42656009287668,58.61275340436462
23.33979536305864,59.18724030215338
24.60421430837619,59.46585378685502
25.86418908051664,59.61109039981133
26.94913577648452,59.44580333112577
27.98111412935324,59.47538808861287
29.11768558118069,60.02806753197446
28.06999759289528,60.50351654727584
26.25517296723697,60.4239606797625
24.49662397634452,60.05731639265166
22.86969485849946,59.84637319603623
22.29076378753359,60.39192129174154
21.32224409351932,60.72016998965952
21.54486616383269,61.70532949487179
21.05921105315369,62.60739329695874
21.5360294939108,63.18973501245587
22.44274417490399,63.81781037053129
24.73051150889754,64.90234365504084
25.39806766124394,65.11142650009374
25.2940430030404,65.53434642197045
23.9033785336338,66.00692739527962
22.18317345550193,65.72374054632017
21.21351687997722,65.02600535751527
21.36963138193096,64.41358795842429
19.77887576669022,63.60955434839504
17.84777916837521,62.74940013289681
17.11955488451812,61.34116567651097
17.83134606290639,60.63658336042741
18.78772179533209,60.0819143744226
17.86922488777634,58.9537661810587
16.82918501147009,58.71982697207339
16.44770958829147,57.04111806907189
15.87978559740378,56.10430186626866
14.66668134935207,56.20088511822217
14.10072106289146,55.40778107362265
12.94291059739206,55.36173737245058
12.62510053879703,56.30708018658197
11.78794233566867,57.44181712506307
11.02736860519687,58.85614940045936
10.35655683761607,59.46980703392536
8.382000359743586,58.31328847923321
7.048748406613271,58.07888418235729
5.665835402050419,58.5881554225937
5.308234490590678,59.66323191999383
4.992078077828978,61.97099803328432
5.912900424837886,62.61447296818272
8.553411085655739,63.45400828719648
10.52770918136676,64.4860383164975
12.35834679530637,65.87972585719318
14.7611458675816,67.81064158799516
16.43592736172894,68.56320547146173
19.18402835457846,69.81744415961778
21.37841637542058,70.2551693793461
23.02374230316153,70.2020718451662
24.54654340993847,71.03049673123722
26.37004967622181,70.98626170519539
28.16554731620294,71.18547435168055
31.29341840996545,70.4537877468599
30.00543501152279,70.18625885688489
31.1010787289751,69.55808014594488
32.13274702325006,69.90596588813376
33.77548912937641,69.30140330675114
36.51397830581968,69.06343333604705
40.29235232927229,67.93239126247484
41.05985070167119,67.45712311468647
41.1259448585725,66.79158234319944
40.01583,66.26618
38.38295983251984,65.99953766546189
33.91868452325721,66.75959463161077
33.18446577325426,66.63252228460506
34.81477,65.90015000000001
34.87857425307874,65.43621287704816
34.94391,64.41437
36.23129,64.10945000000001
37.01273,63.84983
37.14197,64.33471
36.53957903508969,64.76446
37.17604,65.14322
39.59345,64.52079
40.4356,64.76446
39.7626,65.49682
42.09309,66.47623
43.01604000000001,66.41857999999999
43.94975000000002,66.06908
44.53224856952364,66.75633901637637
43.69839765806197,67.35242666286312
44.17478966436946,67.96161428493588
43.45283125181098,68.57080190700863
46.25002485533779,68.24999461534067
46.82134000000001,67.68997
45.55517,67.56652
45.56200483580378,67.01004446071333
46.34915000000001,66.66767
47.89416000000001,66.88455
48.13876000000001,67.52238
53.71743000000001,68.85737999999999
54.47171000000001,68.80815000000001
53.48582,68.20130999999999
54.75301463713508,68.08684648168837
55.44268,68.43866
57.31702,68.46628
58.802,68.88082
59.94142,68.27844
61.07784000000001,68.94069
60.03000000000001,69.52000000000001
60.55003055200956,69.85000031196167
63.50401045110993,69.54738312446047
64.888115,69.234835
68.51216000000001,68.09233
69.18068000000001,68.61563000000001
68.16444000000001,69.14436
68.13522,69.35649
66.93008000000002,69.45461
67.25976,69.92873
66.72492000000001,70.70889
66.69466,71.02897
68.54006,71.9345
69.19636,72.84336
69.94000000000001,73.04
72.58754,72.77629
72.79603,72.22006
71.84811000000002,71.40898
72.47011000000002,71.09019
72.79188,70.39114000000001
72.56469770700558,69.02085195583855
73.66787000000001,68.4079
73.23870000000001,67.74040000000001
71.28000000000002,66.32000000000001
72.42301,66.17267000000001
72.82077000000001,66.53267000000001
73.92099000000002,66.78946
74.18651000000001,67.28429
75.052,67.76047
74.46926,68.32899
74.93584,68.98918
73.84236000000001,69.07146
73.60187,69.62763
74.3998,70.63175000000001
73.10110000000002,71.44717
74.89082000000002,72.12119
74.65926000000002,72.83227000000001
75.15801,72.85497
75.68351000000001,72.30056
75.28898,71.33556
76.35911,71.15287000000001
75.90313,71.87401000000001
77.57663984569749,72.26716543241405
79.65201704297142,72.32010793729707
81.50001793816108,71.74998769803697
80.61071821485025,72.58285675728509
80.5110860533915,73.64821808541437
82.24999800001305,73.85001455351413
84.655225864606,73.805908718553
86.822328729198,73.93688263619676
86.00956180211142,74.4596672634775
87.16680382685564,75.11644887969108
88.31567426956859,75.14394074167033
90.25994835811801,75.63998281524003
92.90061404823274,75.77333384876921
93.2342370951091,76.04719310169999
95.86001997272373,76.14000397409622
96.67821292520098,75.91546987578802
98.92257205606934,76.44688446726148
100.7596692240454,76.43027049427967
101.0353113138903,76.8618720567814
101.990808546967,77.28753082956955
104.351594679789,77.69791921661546
106.0666321146917,77.37388214792925
104.7050098002331,77.12738556589703
106.9701428568828,76.97419078236776
107.239997186311,76.47998322214444
108.1537398620958,76.72335338002303
111.07726,76.71000000000001
113.33151,76.22224
114.13417,75.84764000000001
113.88539,75.32779000000001
112.7791939636768,75.03185456002926
110.15125,74.47673
109.4,74.18
110.64,74.04
112.11919,73.78774
113.01954,73.97693000000001
113.52958,73.33505000000001
113.96881,73.59488
115.56782,73.75285000000001
118.77633,73.58772
119.02,73.12
123.2006767111143,72.97120514595854
123.25777,73.73503000000001
125.38,73.56
126.97644,73.56549
128.59126,73.03871
129.05157,72.39872000000001
128.46,71.98
129.71599,71.19304000000001
131.2885551291155,70.7869973822779
132.2535,71.83630000000001
133.85766,71.38642
135.56193,71.65525
137.49755,71.34763000000001
138.23409,71.62803
139.86983,71.48783
139.14791,72.41619
140.46817,72.84941
149.5000016623915,72.1999860704346
150.3511641786709,71.60643056913015
152.968885532848,70.84221365018179
157.00688,71.03141
158.99779,70.86672
159.83031,70.45324
159.70866,69.72198
160.94053,69.43728
162.27907,69.64204
164.05248,69.66823000000001
165.94037,69.47199
167.8629523586867,69.56876831648658
169.57763,68.6938
170.81688,69.01362999999999
170.0082,69.65276
170.45345,70.09703
173.64391,69.81743
175.72403,69.87725
178.5999825381589,69.40000193956404
180.0000004418104,68.96364614529146
,
180.0000000000001,64.97970870219841
178.7072,64.53493
177.41128,64.60821
178.313,64.07593
178.90825,63.25197000000001
179.37034,62.98262
179.48636,62.56894
179.2282646019635,62.30410431583773
177.3643,62.52190000000001
174.56929,61.76915
173.68013,61.65261
172.15,60.95
170.6985,60.33618000000001
170.33085,59.88177
168.9004195498388,60.57356395124748
166.29498,59.78855
165.84,60.16
164.87674,59.7316
163.5392997581507,59.86869741478633
163.21711,59.21101
162.01733,58.24328000000001
162.05297,57.83912
163.19191,57.61503
163.057933791352,56.15923391379492
162.1263445108792,56.11586812995312
161.70146,55.28568
162.11749,54.85514
160.3687439313151,54.34433177348818
160.02173,53.20257
158.53094,52.95868
158.23118,51.94269
156.78979,51.01105
156.42,51.7
155.991853469058,53.15895193136105
155.4336446474412,55.38101268169545
155.91442,56.76792
156.7581632835142,57.36471588808359
156.810356480129,57.83202586529901
158.36433,58.05575
160.1506693870434,59.31477773704972
161.87204,60.343
163.6696793968231,61.14089366316381
164.4735579775555,62.55060089786997
163.2583866722121,62.46626496036962
162.6579065289806,61.64249095320487
160.12148,60.54423
159.30232,61.77396
156.72068,61.43442
154.21806,59.75818
155.04375,59.14495
152.81185,58.88385
151.26573,58.78089
151.33815,59.50396
149.78371,59.65573
148.54481,59.16448
145.48722,59.33637
142.19782,59.03998
138.9584745627399,57.0880402695929
135.12619,54.72959
136.70171,54.60355
137.19342,53.97732000000001
138.1647245627368,53.75501373963166
138.80463,54.25455
139.9015177756343,54.1896642116386
141.34531,53.08957
141.3792053570204,52.23877553975579
140.59742,51.23967
140.51308,50.04553
140.0619730979006,48.44670726174584
138.5547265972435,46.9996638047088
138.2197082866953,46.30794892026593
136.8623751161169,45.143498033217
135.515377231997,43.98899485938426
134.8694218283485,43.39820404720741
133.5368933452703,42.81146983496548
132.9062341655803,42.79849905046022
132.2780554546403,43.28454173438143
130.9358634787234,42.55275177669621
130.7800073589311,42.22000722916885
130.400030552289,42.28000356705971
129.9659485210373,41.94136790625106
129.6673620952548,41.60110443782523
129.7051892436925,40.88282786718433
129.18811486218,40.66180776627199
129.0103996115282,40.48543610285981
128.6333683615267,40.18984691015031
127.9674141785814,40.02541250259756
127.5334355001942,39.7568500839767
127.5021195822253,39.32393077245153
127.3854341981103,39.21347239842765
127.7833427267577,39.05089834243742
128.3497164246766,38.61224294692785
129.2129195496801,37.43239248305595
129.4604496603582,36.78418915460283
129.4683044780665,35.63214061130395
129.0913765809296,35.08248423923143
128.1858504578791,34.89037710218639
127.3865194031884,34.47567373304412
126.4857475119088,34.39004588473648
126.3739197124291,34.93456045179595
126.5592313986278,35.6845405136479
126.1173979025323,36.72548472751926
126.8601432638634,36.89392405857463
126.1747587423762,37.74968577732804
125.6891036316972,37.94001007745902
125.5684391622957,37.75208873142962
125.2753304383362,37.66907054295272
125.2400871115132,37.85722443292744
124.981033156434,37.94882090916478
124.7121606792194,38.10834605564979
124.985994093934,38.54847422947968
125.2219486837787,38.66585724543067
125.1328585145075,38.84855927179859
125.3865897970606,39.38795787206116
125.3211157573468,39.55138458918421
124.7374821310424,39.66034434667162
124.2656246277853,39.92849335383416
122.867570428561,39.63778758397622
122.1313879741309,39.17045176854467
121.0545544780329,38.89747101496285
121.5859949077225,39.36085358332407
121.3767570333727,39.75026133885949
122.1685950053811,40.42244253189602
121.6403585144935,40.94638987890333
120.7686287781619,40.59338816991754
119.6396020854491,39.89805593521424
119.0234639832331,39.25233307551115
118.0427486511979,39.2042739934797
117.5327022644771,38.73763580988408
118.0596985209896,38.06147553156106
118.8781498556283,37.89732534438593
118.9116361837534,37.44846385349871
119.7028023621421,37.15638865818505
120.8234574728236,37.87042776137801
121.711258579598,37.48112335870718
122.3579374532985,37.45448415786072
122.5199947449658,36.93061432550185
121.1041638530331,36.65132904718043
120.6370089051145,36.11143952081107
119.6645618022461,35.60979055433772
119.1512081238586,34.90985911716044
120.2275248556337,34.36033193616865
120.6203690939166,33.37672272392514
121.2290141134502,32.46031871187719
121.90814578663,31.69217438407465
121.8919193868904,30.94935150809511
121.2642574402733,30.6762674016487
121.5035193217847,30.14291494396429
122.0921138855891,29.83252045340315
121.9384281759531,29.01802236583478
121.6844385112385,28.22551260020662
121.1256612488665,28.13567312266719
120.3954732605823,27.05320689544932
119.5854968608395,25.74078054453261
118.6568713725545,24.54739085540024
117.2816064799709,23.62450145109966
115.8907353048351,22.78287323657807
114.7638273458462,22.66807404224167
114.1525468282656,22.22376007739615
113.8067798198007,22.5483397486214
113.2410779155016,22.05136749927046
111.8435921570325,21.55049367928147
110.7854655294241,21.39714386645534
110.5093583516886,20.56541168871763
110.4440393412717,20.34103261970633
109.8898612813736,20.28245738370349
109.6276550639247,21.0082270370267
109.8644881531183,21.39505097094752
108.5228129415244,21.71521230721181
108.0501802917829,21.55237986906012
106.7150679870901,20.69685069425202
105.881682163519,19.7520504826597
105.6620056498463,19.05816518806057
106.426816847766,18.00412099860323
107.3619535665197,16.69745656988705
108.2694950704296,16.07974233648615
108.8771065613175,15.27669057867044
109.3352698100172,13.42602834721772
109.200135939574,11.66685923913776
108.3661299988155,11.00832062422627
107.2209285827952,10.36448395430183
106.4051127462034,9.53083974856932
105.1582637878651,8.599759629750494
104.7951851745824,9.241038316276502
105.0762016133856,9.918490505406808
104.3343347514035,10.48654368737523
103.4972799011397,10.63255544681593
103.0906897318673,11.15366059004717
102.5849324890267,12.18659495691328
101.68715783082,12.64574005782657
100.8318095235249,12.62708486576921
100.9784672383692,13.41272166590257
100.0977974792511,13.40685639083743
100.0187325378446,12.30700104415335
99.47892052612363,10.84636668542355
99.15377241414316,9.963061428258555
99.22239871622676,9.239255479362427
99.87383182169813,9.20786204674512
100.2796468444862,8.295152899606052
100.4592741231328,7.429572658717177
101.0173279154527,6.856868597842478
101.6230790547781,6.74062246340192
102.1411869649364,6.221636053894628
102.3711470886352,6.128205064310919
102.9617053568667,5.524495144061106
103.3812146342122,4.855001125503748
103.4385754740561,4.181605536308339
103.3321220235349,3.726697902842986
103.4294287455405,3.382868760589005
103.5024475443689,2.791018581550176
103.8546741068703,2.515454006353764
104.2479317566115,1.631141058759084
104.2288114766635,1.293048000489492
103.5197074727544,1.226333726400682
102.5736153503548,1.967115383304687
101.3906384623292,2.760813706875581
101.2735396667558,3.270291652841152
100.6954354187066,3.93913971599487
100.557407668055,4.767280381688295
100.1967061706577,5.312492580583708
100.3062602071165,6.040561835143905
100.0857568705271,6.464489447450291
99.69069054565576,6.848212795433597
99.51964155476963,7.34345388430276
98.9882528015123,7.907993068875328
98.503786248776,8.382305202666288
98.339661899817,7.794511623562386
98.15000939330582,8.350007432483878
98.25915001830626,8.973922837759801
98.55355065307305,9.932959906448545
98.45717410684873,10.67526601810515
98.76454552612078,11.44129161218375
98.42833865762985,12.03298676192568
98.50957400919268,13.12237763107068
98.1036039571077,13.64045970301285
97.77773237507517,14.83728587489264
97.59707156778276,16.10056793869977
97.1645398294998,16.92873444260934
96.505768670643,16.42724050543285
95.3693522481124,15.7143899601826
94.80840457558412,15.80345429123764
94.18880415240454,16.03793610276202
94.53348595579135,17.27724030198573
94.32481652219676,18.2135139022499
93.54098839719364,19.36649262133002
93.66325483599621,19.726961574782
93.07827762245219,19.85514496508198
92.36855350135562,20.67088328702535
92.08288618364614,21.19219513598577
92.02521528520839,21.70156972908677
91.83489098507744,22.18293569588556
91.41708702999766,22.76501902922122
90.49600630082728,22.80501658781513
90.58695682166098,22.39279368742287
90.27297081905556,21.83636770272011
89.84746707556428,22.03914602303342
89.70204959509493,21.85711579028531
89.41886274613549,21.9661789006373
89.03196129756623,22.05570831958298
88.88876590368542,21.69058848722475
88.20849734899522,21.70317169848781
86.97570438024027,21.49556163175521
87.03316857294887,20.74330780688241
86.49935102737379,20.15163849535661
85.0602657409097,19.4785788029711
83.94100589390001,18.30200979254973
83.18921715691785,17.67122142177898
82.19279218946592,17.01663605393782
82.19124189649719,16.55666413010785
81.69271935417748,16.3102192245079
80.79199913933014,15.95197235764449
80.32489586784388,15.89918488205835
80.02506920768644,15.13641490321415
80.2332735533904,13.83577077885998
80.28629357292186,13.00626068771084
79.8625468281285,12.05621531824089
79.85799930208682,10.35727509199711
79.340511509116,10.30885427493962
78.88534549348918,9.546135972527722
79.1897196796883,9.216543687370148
78.2779407083305,8.933046779816934
77.94116539908435,8.252959092639742
77.53989790233794,7.965534776232332
76.59297895702167,8.89927623131419
76.13006147655108,10.29963003177552
75.7464673196485,11.30825063724831
75.39610110870959,11.78124502201582
74.86481570831683,12.7419357365379
74.61671715688354,13.99258291264968
74.44385949086723,14.6172217879777
73.5341992532334,15.99065216721496
73.11990929554943,17.9285700545925
72.82090945830865,19.20823354743617
72.8244751321368,20.41950328214153
72.6305334817454,21.35600942635101
71.17527347197395,20.75744131111423
70.4704586119451,20.87733063403138
69.16413008003883,22.0892980005727
69.6449276060824,22.45077464445434
69.34959679553435,22.84317963306269
68.1766451353734,23.69196503345671
67.44366661974547,23.94484365487699
67.14544192898907,24.66361115162465
66.37282758979327,25.42514089609385
64.53040774929113,25.23703868255143
62.90570071803461,25.21840932871021
61.49736290878419,25.0782370061185
59.61613406763085,25.38015656178378
58.5257613462723,25.60996165618573
57.39725141788239,25.73990204518364
56.97076582217755,26.96610626882136
56.49213870629021,27.1433047551502
55.72371015811007,26.96463349050104
54.71508955263727,26.48065786387151
53.49309695823135,26.81236888275305
52.48359785340961,27.58084910736549
51.52076256694742,27.8656896021583
50.85294803243954,28.81452057546939
50.11500857931158,30.14777252859972
49.576850213424,29.98571523693241
48.94133344909855,30.31709035900404
48.56797122578975,29.92677826590352
47.9745190773499,29.9758192001485
48.18318851094449,29.53447663015976
48.09394331237642,29.306299343375
48.41609419128395,28.55200429942667
48.80759484232718,27.68962799733988
49.29955447774583,27.46121816660981
49.47091352722566,27.10999929453808
50.15242231629088,26.689663194276
50.21293541850469,26.27702688242537
50.11330325704594,25.94397227630425
50.23985883972875,25.60804962819093
50.52738650900073,25.3278083358721
50.66055667501689,24.99989553476402
50.81010827006958,24.75474253997138
50.74391076030369,25.4824242212894
51.01335167827349,26.00699168548419
51.28646162293606,26.11458201751587
51.58907881043726,25.80111277923338
51.60670047384881,25.21567047779874
51.38960778179063,24.62738597258806
51.57951867046327,24.24549713795111
51.75744062684419,24.29407298430547
51.79438927593287,24.01982615813251
52.57708051942561,24.17743927662271
53.40400678896015,24.15131684009917
54.00800092958758,24.12175792082822
54.69302371604863,24.79789236093509
55.43902469261414,25.43914520924494
56.07082075381456,26.05546417897398
56.36201744977927,26.39593435312898
56.48567915225374,26.30911794687863
56.39142133975335,25.89599070892125
56.26104170108096,25.71460643157677
56.396847365144,24.92473216399549
56.84514041527601,24.2416730819615
57.4034525897574,23.87859446867881
58.13694786970825,23.74793060962881
58.72921146020542,23.56566783293536
59.18050174341033,22.99239533130547
59.45009769067703,22.6602709009656
59.80806033716286,22.53361196541822
59.80614830916807,22.31052480721419
59.44219119653638,21.71454051359203
59.28240766788991,21.43388580981485
58.86114139184656,21.1140345321443
58.48798587426694,20.42898590746709
58.0343184751766,20.48143748624334
57.8263725116341,20.24300242764863
57.66576216007095,19.73600495043307
57.78870039249333,19.06757029873768
57.69439090356065,18.94470958096376
57.23426395043381,18.94799103441429
56.60965091332193,18.57426707607947
56.51218916201947,18.08711334886397
56.28352094912793,17.87606679938396
55.66149173363064,17.8841283228215
55.26993940615512,17.6323090682632
55.27490034365513,17.22835439703762
54.79100223167404,16.95069692633338
54.23925296409371,17.04498057704991
53.57050825380458,16.70766266526471
53.10857262554751,16.65105113368895
52.38520592632588,16.38241120041965
52.19172936382509,15.93843313238402
52.1681649107,15.59742035568995
51.17251508973249,15.17524974208149
49.57457645040315,14.70876658778275
48.67923058451416,14.00320241948566
48.23894738138742,13.94808950444637
47.93891401550079,14.00723318120443
47.35445356627972,13.59221975346838
46.71707645039174,13.39969920496502
45.87759280781027,13.34776439051168
45.62505008319988,13.29094615320676
45.40645877460526,13.02690542241143
45.14435591002086,12.95393830001531
44.98953331887441,12.69958690027471
44.49457645038285,12.72165273686335
44.17511274595449,12.58595042566488
43.48295861183713,12.63680003504008
43.22287112811213,13.22095042566743
43.25144819516953,13.76758372645085
43.08794396339806,14.06263031662131
42.89224531430872,14.80224925379875
42.60487267433362,15.2133352726806
42.80501549660005,15.26196279546726
42.70243777850066,15.718885809792
42.82367068865742,15.91174225510527
42.77933230975097,16.34789134364868
42.64957278826608,16.77463532151496
42.34798912941071,17.075805568912
42.27088789243123,17.47472178798913
41.75438195167396,17.83304616950097
41.22139122901558,18.67159963630121
40.93934126156654,19.48648529711176
40.24765221533983,20.17463450772649
39.80168460466095,20.33886220955006
39.13939944840828,21.29190481209293
39.0236959165068,21.98687531177019
39.06632897314759,22.57965566659027
38.49277225114008,23.68845103606085
38.02386030452362,24.07868561451293
37.48363488134439,24.28549469654502
37.15481774267118,24.85848297779731
37.209491408036,25.08454153085811
36.93162723160259,25.60295949961018
36.63960371272123,25.82622752532722
36.24913659032381,26.57013560638488
35.64018151219639,27.37652049408342
35.13018680190788,28.06335195567472
34.63233605320798,28.05854604747157
34.78777876154194,28.6074272730597
34.83222049331295,28.95748342540485
34.95603722508426,29.35655467377885
34.92260257339143,29.50132619884452
34.64174116388509,29.09941274669448
34.42656049982173,28.34398082123573
34.15453576023731,27.82331492767896
33.92137169773639,27.64870026296472
33.5881103858861,27.97136790619518
33.13676842624886,28.4176455754678
32.42322024916268,29.85107229259593
32.32043582533416,29.76043183035598
32.73482913588268,28.70522492117207
33.34874515151014,27.69988576914982
34.10456465021107,26.14228058522431
34.47389611180108,25.59856700286538
34.79506513849509,25.0337435979152
35.69242638524346,23.92670522714253
35.49373050308122,23.7523747828059
35.52597659683136,23.10244029387101
36.69071170425786,22.20484650317733
36.86623,22.0
37.18871748225467,21.01884654386268
36.96940270360795,20.83743642830205
37.11471683121269,19.8079643823995
37.48177452978189,18.61408376716035
37.86273318863758,18.36787140550572
38.41008995947308,17.99830739997039
38.99062299983999,16.84062612555169
39.26611006038797,15.92272349696729
39.81429365414016,15.43564728440023
41.17927493669771,14.49107961675323
41.73495161313221,13.92103689214157
42.2768306821448,13.34399201095437
42.58957645037524,13.00042125086185
43.0812260272001,12.699638576707
43.31785241066459,12.39014842371097
43.28638146339884,11.97492829024577
42.71587365089656,11.73564057051826
43.14530480324203,11.46203969974893
43.47065962095166,11.27770986576381
43.66666832863473,10.8641692163481
44.11780358254279,10.44553843835163
44.61425906757083,10.4422053084688
45.55694054543918,10.69802948652972
46.64540123880291,10.81654938399113
47.52565758646266,11.12722809492988
48.02159630716778,11.19306386966973
48.37878380716921,11.37548167566004
48.94820641459336,11.41062164961852
49.2677734718863,11.43033620853787
49.72862389506525,11.578905951377
50.25877241394758,11.67957164148157
50.73202518087655,12.02190216719909
51.11122684103432,12.02464101811056
51.13386111837815,11.74814626713288
51.04151533387258,11.16650218347171
51.04528771342987,10.64090119063106
50.83418948751759,10.27973460534315
50.55239790222998,9.198741156445607
50.07092858256661,8.081729234240612
49.45272342305893,6.804649563011552
48.59453291198778,5.339105943214022
47.74078657409376,4.21940684652985
46.5647343279953,2.855278225105125
45.56396854023086,2.045766913252919
44.06814253111031,1.052804266764582
43.13595136899721,0.2921788598604991
42.04159956235219,-0.9191683894933078
41.81096764503357,-1.446474704599588
41.58514163591809,-1.683256117360948
40.88477094906631,-2.082559909680256
40.63785000000001,-2.49979
40.26304000000001,-2.57309
40.1211999855216,-3.277680759294412
39.80008263525991,-3.681170342629358
39.6049007504935,-4.346556084819518
39.20222,-4.67677
38.74050906754732,-5.908941338732021
38.79978193538611,-6.475676771676994
39.44000125505013,-6.839995619334701
39.4699735857794,-7.099979750195118
39.19469323096061,-7.703922214390246
39.25200239437228,-8.007831312698748
39.18652835465849,-8.485528252804826
39.53575768408697,-9.11236337650525
39.94958255388028,-10.09840138106649
40.31658857601719,-10.3170960425257
40.47838748552303,-10.76544076908999
40.43725304541869,-11.76171070724502
40.56081139502857,-12.63917652756103
40.59962039567975,-14.20197519293186
40.775475294769,-14.69176441819424
40.4772506040126,-15.40629444749397
40.08926395036522,-16.10077402106446
39.45255862809705,-16.72089120856694
38.53835086442152,-17.10102304450596
37.41113284683888,-17.58636809659124
36.28127933120936,-18.65968759529345
35.89649661636406,-18.84226043058064
35.19839969253314,-19.55281137459389
34.78638349787005,-19.78401173266774
34.70189253107284,-20.49704314543101
35.17612715021536,-21.25436126066841
35.37342776870574,-21.84083709074888
35.3858482537054,-22.14
35.56254553636909,-22.09
35.5339347674043,-23.07078785572776
35.37177412287238,-23.5353589820317
35.60747033055563,-23.70656300221468
35.45874555841962,-24.12260995859655
35.04073489761066,-24.47835051849381
34.21582400893547,-24.81631438568266
33.01321007663901,-25.35757333750774
32.57463219577787,-25.72731821055609
32.66036339695009,-26.14858448659945
32.91595503106569,-26.21586720144347
32.83012047702888,-26.7421916643362
32.58026492689768,-27.47015756603182
32.46213260267845,-28.30101124442056
32.20338870619304,-28.75240488049007
31.52100141777888,-29.25738697684626
31.325561150851,-29.40197763439891
30.90176272962535,-29.90995696382804
30.62281334811382,-30.42377573010613
30.05571618014278,-31.14026946383296
28.92555260591954,-32.1720411109725
28.2197558936771,-32.77195281344886
27.46460818859597,-33.2269637997788
26.41945234549283,-33.61495045342619
25.90966434093349,-33.6670402971764
25.7806282895007,-33.94464609144834
25.17286176931597,-33.79685149509358
24.67785322439212,-33.98717579522455
23.59404340993464,-33.79447437920815
22.98818891774474,-33.91643075941698
22.57415734222224,-33.86408253350531
21.54279910654103,-34.25883879978294
20.689052768647,-34.41717538832523
20.07126102059763,-34.79513681410799
19.61640506356457,-34.81916635512371
19.19327843595872,-34.46259897230979
18.85531456876987,-34.44430551527847
18.42464318204938,-33.99787281670897
18.37741092293462,-34.13652068454807
18.24449913907992,-33.86775156019803
18.25008019376745,-33.28143075941444
17.92519046394844,-32.61129078545343
18.24790978361119,-32.42913136162457
18.22176150887148,-31.66163298922567
17.56691775886887,-30.72572112398755
17.0644161312627,-29.87864104585916
17.06291751472622,-29.87595387137998
16.34497684089524,-28.5767050106977
15.60181806810582,-27.8212472470228
15.21047244635946,-27.09095590587405
14.98971072760855,-26.11737192149516
14.74321414557633,-25.39292001719538
14.40814415859583,-23.85301401132985
14.38571658698115,-22.65665292734069
14.25771406419418,-22.11120818449996
13.86864220546866,-21.69903696053998
13.35249799973744,-20.8728341610575
12.82684533046449,-19.67316578540166
12.60856408046362,-19.0453488094877
11.79491865402807,-18.06912932706192
11.73419884608512,-17.30188933682447
11.64009606288161,-16.67314218512925
11.77853722499154,-15.79381601325074
12.12358076340439,-14.8783163387679
12.17561893072229,-14.44914356858389
12.50009524908299,-13.54769988368445
12.73847863124539,-13.1379057756099
13.31291385260187,-12.48363046636249
13.6337211442698,-12.03864470789717
13.7387276546869,-11.29786305099316
13.68637942877524,-10.73107594161589
13.38732791510216,-10.37357838302071
13.12098758306985,-9.766897067914122
12.87536950038657,-9.166933689005468
12.92906131353783,-8.959091078327553
13.23643273280987,-8.562629489784307
12.93304039882429,-7.596538588087733
12.72829837408389,-6.927122084178805
12.22734703944647,-6.294447523629394
12.32243167486351,-6.10009246177966
12.18233686692025,-5.789930515163839
11.91496300624209,-5.037986748884791
11.09377282069192,-3.978826592630547
10.06613528813574,-2.969482517105682
9.40524539555497,-2.144313246269043
8.79799563969317,-1.111301364754496
8.830086704146424,-0.7790735815500369
9.048419630579588,-0.4593514949602167
9.29135053878369,0.2686660831676875
9.492888624721985,1.010119533691494
9.305613234096256,1.160911363119183
9.649158155972628,2.283866075037736
9.795195753629457,3.073404445809117
9.404366896206,3.734526882335203
8.948115675501072,3.904128933117136
8.744923943729418,4.35221527751996
8.48881554529089,4.495617377129918
8.500287713259695,4.771982937026849
7.462108188515941,4.412108262546241
7.082596469764439,4.464689032403228
6.6980721370806,4.240594183769517
5.898172641634687,4.262453314628985
5.362804803090881,4.887970689305959
5.033574252959369,5.611802476418234
4.325607130560684,6.270651149923467
3.574180128604553,6.258300482605719
2.691701694356254,6.258817246928629
1.865240512712319,6.142157701029731
1.060121697604927,5.928837388528876
-0.5076379052659377,5.343472601742675
-1.063624640294194,5.000547797053812
-1.964706590167594,4.710462144383371
-2.856125047202397,4.994475816259509
-3.311084357100071,4.984295559098015
-4.008819545904942,5.179813340674315
-4.649917364917911,5.168263658057086
-5.834496222344526,4.993700669775137
-6.528769090185847,4.705087795425015
-7.518941209330436,4.338288479017308
-7.71215938966975,4.364565944837722
-7.974107224957251,4.355755113131963
-9.004793667018674,4.8324185245922
-9.913420376006684,5.593560695819207
-10.76538387698665,6.140710760925558
-11.43877946618205,6.785916856305747
-11.70819454593574,6.860098374860726
-12.42809892419382,7.26294200279203
-12.94904903812819,7.798645738145738
-13.12402543786848,8.163946438016978
-13.24655025883252,8.903048610871508
-13.68515397790979,9.49474376061346
-14.07404496912228,9.886166897008252
-14.33007585291237,10.01571971276397
-14.57969885909826,10.21446727135852
-14.69323198084351,10.65630076745404
-14.83955379887794,10.87657156009814
-15.13031124516817,11.04041168867953
-15.66418046717553,11.4584740259208
-16.08521419927357,11.52459402103824
-16.3147867497302,11.80651479740655
-16.30894731288123,11.95870189050612
-16.61383826340328,12.1709111597127
-16.67745195155457,12.38485158940105
-16.84152462408127,13.15139394780256
-16.71372880702347,13.59495860437985
-17.12610673671261,14.37351573328922
-17.62504269049066,14.72954051356407
-17.18517289882223,14.91947724045286
-16.70070634608592,15.62152741135411
-16.46309811040788,16.13503611903846
-16.54970781092906,16.67389211676196
-16.27055172368836,17.16696279547487
-16.14634741867485,18.10848155361666
-16.25688330734717,19.09671580655031
,
-177.550009732146,68.19999766709829
-179.9999893871038,68.96364614529146
,
-179.9999893871038,-16.06713266364245
-179.7933094961524,-16.02088225674122
-179.917358771869,-16.5017831356494
-179.9999893871038,-16.5552165666392
,
125.9470723816983,-8.432094821815035
126.6447042176385,-8.398246758663852
126.9572432801398,-8.273344821814398
127.3359281759746,-8.397316582882603
126.9679919780565,-8.668256117388893
125.9258850444586,-9.106007175333353
125.0885201356011,-9.393173109579294
124.4359501486193,-10.14000090906145
123.5799817241367,-10.35998748132796
123.459989048355,-10.23999480554622
123.5500093934074,-9.900015557497987
123.9800089865081,-9.290026950724716
124.9686824891162,-8.892790215697083
125.0862463725803,-8.65688730228468
125.9470723816983,-8.432094821815035
,
-180.0,-84.71337999999999
-179.942499356179,-84.7214433735525
-179.0586773346912,-84.13941171664914
-177.2567718171058,-84.45293263136392
-176.0846728180777,-84.09925912875835
-175.8298821686626,-84.11791432081571
-174.3825028148157,-84.53432301222364
-173.1165594147455,-84.11791432081571
-172.8891055980128,-84.06101856886238
-169.9512229075714,-83.88464690545021
-168.9999889801587,-84.11791432081571
-168.5301985341933,-84.23739023227454
-167.0220993724034,-84.57049651482794
-164.1821435211551,-84.8252096495946
-161.9297745432815,-85.13873056430938
-158.0713795644249,-85.3739100076697
-155.1922529774993,-85.09955982863215
-150.942098965438,-85.29551685988292
-148.5330728830716,-85.60903777459774
-145.8889190337772,-85.31510222772157
-143.1077192860447,-85.040752048684
-142.8922802398199,-84.57049651482794
-146.8290683664632,-84.53127410271841
-150.060731574484,-84.29614633579038
-150.9029282297608,-83.90423227328883
-153.5862011383002,-83.6886898741994
-153.4099069895364,-83.23801970818201
-153.0377591623865,-82.82652027784181
-152.6656371734528,-82.45419158317885
-152.8615166900551,-82.04269215283867
-154.5262987945539,-81.7683936502334
-155.2901798166924,-81.41565032340905
-156.8374497141595,-81.10212940869428
-154.4087865875222,-81.16093718864245
-152.0976615061328,-81.00415089306888
-150.6482926096426,-81.33730885205459
-148.865998298112,-81.04337330517842
-147.2207498850195,-80.67104461051547
-146.4177498036361,-80.33793832796205
-146.7702864247312,-79.92643889762186
-148.0629465402963,-79.65208871858431
-149.5319008046251,-79.35820484814043
-151.5884161041125,-79.29939706819228
-153.3903216216978,-79.16224781688965
-155.3293763905858,-79.06426930126425
-155.9756676910441,-78.6919406066013
-157.268301968393,-78.3784196918865
-158.0517683583701,-78.02567636506218
-158.365134243788,-76.8892082660993
-157.8754742096064,-76.98723845815698
-156.974573127246,-77.30075937287178
-155.3293763905858,-77.2027291808141
-153.7428324045768,-77.06557992951147
-152.9202469553548,-77.49666472769027
-151.3337804839943,-77.39873788849718
-150.001949632752,-77.18314381297547
-148.7484860910803,-76.90884531037021
-147.612483080008,-76.5757390278168
-146.1044097564343,-76.47776051219141
-146.1435288156792,-76.10543181752845
-146.4960912749906,-75.73315479929781
-146.2023107574113,-75.38041147247347
-144.90962480363,-75.20403980906131
-144.3220379302553,-75.53719776804702
-142.7943534006268,-75.34124073679624
-141.6387650217159,-75.0864759255973
-140.2090073312805,-75.06689055775868
-138.8575911121996,-74.96891204213328
-137.5062007313348,-74.73378427520527
-136.4289021473461,-74.51824187611587
-135.2145835031355,-74.30269947702645
-134.4311946278069,-74.36145558054231
-133.7456550770229,-74.43984872832908
-132.2571671212878,-74.30269947702645
-130.9253104318293,-74.47901946400633
-129.5542830066936,-74.45943409616771
-128.2420375232899,-74.32228484486507
-126.890621304209,-74.42026336049047
-125.4020816720416,-74.51824187611587
-124.0114947172834,-74.47901946400633
-122.5621516590094,-74.49860483184494
-121.073612026842,-74.51824187611587
-119.7025587634901,-74.47901946400633
-118.684145474098,-74.18508391713016
-117.4698009916713,-74.0283492979889
-116.2163116117835,-74.2438916970783
-115.0215524971954,-74.06752003366614
-113.9443314278551,-73.7148283832741
-113.2979884509645,-74.0283492979889
-112.9454518298694,-74.38104094838093
-112.2990830147626,-74.71419890736664
-111.2610585193158,-74.42026336049047
-110.0663252429438,-74.79254037872113
-108.7149090238629,-74.91010426218513
-107.5593464831681,-75.18445444122268
-106.1491483223552,-75.12569833770684
-104.8760735746287,-74.94932667429467
-103.3679485746227,-74.9884974099719
-102.0165065173257,-75.12569833770684
-100.6455307686223,-75.3020183246867
-100.1166999987634,-74.8709335265079
-100.763042975654,-74.53782724395448
-101.2527030098356,-74.18508391713016
-102.5453372871846,-74.10674244577567
-103.1133129545045,-73.73441375111273
-103.3287520007293,-73.36208505644977
-103.6812886218245,-72.61753101998846
-102.9174851143345,-72.7546802712911
-101.6052396309308,-72.81343637480695
-100.3125278389334,-72.7546802712911
-99.13737993040007,-72.91141489043235
-98.11888912635953,-73.20535043730852
-97.68803687212605,-73.55804208770056
-96.33659481482896,-73.61684986764871
-95.04396053748003,-73.47970061634608
-93.6729072741282,-73.2837435850953
-92.439003262079,-73.16617970163128
-91.42056413447077,-73.40130746855931
-90.08873328322845,-73.32291432077254
-89.22695126011301,-72.55872324004031
-88.4239511787296,-73.00939340605774
-87.26833696160259,-73.18576506946991
-86.01482174349862,-73.08778655384451
-85.19223629427657,-73.47970061634608
-83.8799908108729,-73.51887135202333
-82.66564632844616,-73.63643523548733
-81.4709130520742,-73.85197763457674
-80.6874466620971,-73.47970061634608
-80.295790981757,-73.12695728952176
-79.29688554555507,-73.51887135202333
-77.92585812041938,-73.42089283639793
-76.90736731637884,-73.63643523548733
-76.22187944202715,-73.96954151804074
-74.89004859078484,-73.87161467884765
-73.85202409533798,-73.65602060332596
-72.83353329129744,-73.40130746855931
-71.61921464708686,-73.26415821725668
-70.20904232449007,-73.14654265736037
-68.93591590033134,-73.00939340605774
-67.95662167018419,-72.79385100696834
-67.36906063502559,-72.48033009225354
-67.13403622096214,-72.04924529407474
-67.25154842799387,-71.63774586373454
-67.56494015162794,-71.24583180123298
-67.91747677272309,-70.85391773873141
-68.23084265814101,-70.46205535266213
-68.48545244004308,-70.10931202583781
-68.54420854355894,-69.71739796333624
-68.44628170436583,-69.32553557726696
-67.97623287623895,-68.95320688260401
-67.5844996812504,-68.54170745226382
-67.4278425767576,-68.14984506619454
-67.62367041692765,-67.71876026801574
-67.74118262395936,-67.32684620551417
-67.25154842799387,-66.87617603949674
-66.70318396672866,-66.58224049262057
-66.0568151516219,-66.20996347438991
-65.3713272772702,-65.89639088324283
-64.56827551945449,-65.60250701279894
-64.17654232446594,-65.17142221462014
-63.62815202498459,-64.89707203558258
-63.00139441593259,-64.64230722438364
-62.04168555362406,-64.58355112086778
-61.41492794457208,-64.27003020615298
-60.70985470238176,-64.0740731749022
-59.88726925315972,-63.95650929143819
-59.16258480491463,-63.70174448023926
-58.59455746116237,-63.38822356552446
-57.81114274761757,-63.27065968206045
-57.22358171245897,-63.52542449325939
-57.59572953960888,-63.8585307758128
-58.61414282900098,-64.15246632268898
-59.04507259788291,-64.36800872177838
-59.78934241396662,-64.21122242620484
-60.61192786318865,-64.30920094183023
-61.29741573754036,-64.54432870875826
-62.02210018578545,-64.79909351995718
-62.51176021996709,-65.09302906683337
-62.64885779483744,-65.48494312933494
-62.59012752953772,-65.85722014756558
-62.12007870141083,-66.190326430119
-62.80556657576255,-66.42550587347932
-63.74569007023244,-66.5038473448338
-64.29410620792996,-66.83700530381951
-64.8816930813047,-67.150474542102
-65.50842485214054,-67.58161101671311
-65.66508195663336,-67.95388803494376
-65.31254533553819,-68.36533578885167
-64.7837145656793,-68.67890837999875
-63.96110327824113,-68.91398447049448
-63.19729977075109,-69.22755706164156
-62.78595536970778,-69.61941944771084
-62.57051632348295,-69.9917481423738
-62.27673580590366,-70.38366220487536
-61.80666113956063,-70.71676848742878
-61.51290646019748,-71.08904550565943
-61.37580888532713,-72.01007455839749
-61.08197669131555,-72.38235157662815
-61.0036610581772,-72.77426563912971
-60.69026933454315,-73.16617970163128
-60.82736690941348,-73.69524301543548
-61.37580888532713,-74.10674244577567
-61.96336992048573,-74.43984872832908
-63.29520077172803,-74.57699797963171
-63.74569007023244,-74.92974130645605
-64.35283647322967,-75.26284758900947
-65.86098731145185,-75.63512460724012
-67.19281816269415,-75.79191090281367
-68.44628170436583,-76.00745330190307
-69.79772376166291,-76.22299570099247
-70.60072384304632,-76.63449513133266
-72.20677568224545,-76.6736658670099
-73.9695363023697,-76.63449513133266
-75.55597693551407,-76.71288827911943
-77.24037024606767,-76.71288827911943
-76.92697852243361,-77.104802341621
-75.3992939928051,-77.28107065216858
-74.28287634957147,-77.55542083120613
-73.65611874051949,-77.90811248159817
-74.77253638375312,-78.22163339631297
-76.49610042998398,-78.12365488068757
-77.92585812041938,-78.3784196918865
-77.98466590036753,-78.78991912222669
-78.02378495961247,-79.18183318472826
-76.84863705107912,-79.51493946728168
-76.63322384307045,-79.88721648551234
-75.36009741891172,-80.25954518017528
-73.24485185412462,-80.41633147574883
-71.44294633653928,-80.6906299783541
-70.01316280788772,-81.00415089306888
-68.19164608424762,-81.31767180778367
-65.70427853052674,-81.47445810335722
-63.2560300360508,-81.74875660596248
-61.55202551944242,-82.04269215283867
-59.69141557477352,-82.37585011182436
-58.71212134462637,-82.84610564568042
-58.22248714866087,-83.21843434034338
-57.00811682801799,-82.86569101351904
-55.36289425314162,-82.57175546664286
-53.61977067728829,-82.25823455192807
-51.54364417174613,-82.00352141716142
-49.76134986021556,-81.72917123812387
-47.27393063006237,-81.70958587028525
-44.82570797380259,-81.84673512158787
-42.80836340999244,-82.08191456494819
-42.16202043310183,-81.65082976676938
-40.77143347834367,-81.3568942198932
-38.2448176742971,-81.33730885205459
-36.26666968438033,-81.12171477653291
-34.38639685722437,-80.9061723774435
-32.31029618989837,-80.76902312614087
-30.09709794770201,-80.5926514627287
-28.54980221201873,-80.33793832796205
-29.2549012924252,-79.98519500113773
-29.68580522309098,-79.6325033507457
-29.68580522309098,-79.26022633251503
-31.62480831554666,-79.29939706819228
-33.68132361503406,-79.45613168733352
-35.63991207532834,-79.45613168733352
-35.91410722506903,-79.08385466910288
-35.77700965019869,-78.33924895620927
-35.32654618991043,-78.12365488068757
-33.89676266125888,-77.88852711375955
-32.21236935070526,-77.65345102326381
-30.99805070649467,-77.35951547638764
-29.78373206228409,-77.06557992951147
-28.88277930349142,-76.6736658670099
-27.51175187835572,-76.49734588003003
-26.16033565927479,-76.3601449522951
-25.47482194670695,-76.28180348094062
-23.92755204923982,-76.24258106883109
-22.45859778491104,-76.10543181752845
-21.22469377286183,-75.90947478627767
-20.01037512865123,-75.67434701934965
-18.91354285325623,-75.43921925242162
-17.5229817367142,-75.12569833770684
-16.64158850754401,-74.79254037872113
-15.70149085129026,-74.49860483184494
-15.40771033371095,-74.10674244577567
-16.46532019699643,-73.87161467884765
-16.11278357590128,-73.46011524850746
-15.44685523117205,-73.14654265736037
-14.40880489750904,-72.95058562610959
-13.31197262211403,-72.71545785918157
-12.29350765628963,-72.40193694446677
-11.51006710452869,-72.01007455839749
-11.02043290856319,-71.53976734810915
-10.29577429853425,-71.2654171690716
-9.101015183946146,-71.32422494901975
-8.611380987980638,-71.65733123157317
-7.416621873392529,-71.6965019672504
-7.377451137715283,-71.32422494901975
-6.86823157391116,-70.93231088651818
-5.790984666354775,-71.03028940214357
-5.536374884452712,-71.40261809680652
-4.341667446296896,-71.46137420032238
-3.048981492515679,-71.2850542133425
-1.795492112627841,-71.1674386534462
-0.6594891015556072,-71.22624643339435
-0.2286368473220932,-71.63774586373454
0.8681954280729087,-71.30463958118114
1.886686232113448,-71.12826791776897
3.022637566753389,-70.99111866646633
4.139055209987021,-70.85391773873141
5.15754601402756,-70.61878997180338
6.273911980828899,-70.46205535266213
7.135719842160483,-70.24651295357273
7.7428662451577,-69.8937696267484
8.487110223025269,-70.14853443794733
9.525134718472117,-70.01133351021241
10.24984500493335,-70.48164072050075
10.81782067225333,-70.83433237089278
11.9538236833256,-70.63837533964201
12.40428714361386,-70.24651295357273
13.42277794765437,-69.97216277453518
14.73499759284192,-70.03091887805104
15.12675662604661,-70.40324757271398
15.94934207526865,-70.03091887805104
17.02658898282505,-69.91335499458702
18.20171105314225,-69.87418425890978
19.25937259286002,-69.8937696267484
20.37573855966136,-70.01133351021241
21.45298546721776,-70.07014129016056
21.92303429534462,-70.40324757271398
22.56940311045139,-70.69718311959015
23.6661837094141,-70.520811456178
24.84135745616359,-70.48164072050075
25.97730879080356,-70.48164072050075
27.09372643403719,-70.46205535266213
28.09258019380681,-70.32485442492721
29.15024173352458,-70.2072905414632
30.03158328626247,-69.93294036242564
30.97173261894855,-69.75662037544576
31.99017174655677,-69.65864185982038
32.75405276869526,-69.38429168078282
33.30244306817661,-68.83564299914
33.8704187354966,-68.50258839301888
34.90849490737574,-68.65927133572784
35.30020226414814,-69.01201466255216
36.16201012547972,-69.24714242948019
37.20003462092657,-69.16874928169342
37.90510786311691,-69.52144093208545
38.64940351741674,-69.7762057432844
39.66789432145728,-69.54107797635636
40.02043094255245,-69.10994150174527
40.92135786312897,-68.93362151476539
41.95943403500812,-68.60051523221198
42.93870242693913,-68.46331430447705
44.11387617368862,-68.26740894965856
44.89729088723342,-68.05186655056916
45.71992801288776,-67.81673878364113
46.50334272643255,-67.60119638455173
47.4434403826863,-67.71876026801574
48.34441897969512,-67.36606861762371
48.99073611836956,-67.09171843858616
49.93088545105564,-67.11130380642477
50.75347090027768,-66.87617603949674
50.94932457866386,-66.52348438910471
51.79154707215682,-66.24913421006715
52.61413252137888,-66.05317717881637
53.61303795758079,-65.89639088324283
54.5335502459959,-65.81804941188835
55.41494347516613,-65.8768055154042
56.35504113141988,-65.9747840310296
57.15809288923558,-66.24913421006715
57.2559680519964,-66.68021900824596
58.13736128116659,-67.01332529079937
58.74450768416381,-67.28767546983693
59.93931847518422,-67.40523935330094
60.6052209816973,-67.6795895323385
61.42780643091933,-67.95388803494376
62.38748945501172,-68.01269581489191
63.19048953639515,-67.81673878364113
64.052349074159,-67.40523935330094
64.99244673041275,-67.62073007595805
65.97171512234377,-67.73834563585436
66.91186445502981,-67.85590951931837
67.8911328469608,-67.93430266710514
68.89003828316274,-67.93430266710514
69.71262373238477,-68.97279225044264
69.67345299670754,-69.22755706164156
69.55594078967582,-69.678227227659
68.59625776558343,-69.93294036242564
67.81273969917405,-70.3052690570886
67.94988895047666,-70.69718311959015
69.0663065937103,-70.67754607531924
68.92915734240768,-71.06946013782081
68.41998945503585,-71.44178883248377
67.94988895047666,-71.85328826282395
68.71376997261515,-72.16680917753874
69.86930667509372,-72.26478769316414
71.02489505400459,-72.08841602975197
71.57328535348597,-71.6965019672504
71.9062882831748,-71.32422494901975
72.45462690622387,-71.01070403430495
73.081410353492,-70.71676848742878
73.33602013539405,-70.36402516060444
73.8648767434691,-69.87418425890978
74.49155683787262,-69.7762057432844
75.62755984894488,-69.73703500760715
76.62646528514679,-69.61941944771084
77.64490441275504,-69.46268482856959
78.13453860872053,-69.07077076606802
78.42837080273213,-68.69844207140508
79.11385867708384,-68.32621672960671
80.09312706901483,-68.07150359484007
80.93534956250778,-67.87554656358928
81.48379153842143,-67.54238860460357
82.05176720574141,-67.36606861762371
82.77642581577035,-67.20928232205016
83.77533125197226,-67.30726083767556
84.67620649611649,-67.20928232205016
85.6555265644798,-67.09171843858616
86.7523588398748,-67.150474542102
87.47701744990374,-66.87617603949674
87.98628869014016,-66.20991179795762
88.35841067907394,-66.48426197699517
88.82840783076853,-66.95456918728351
89.67063032426148,-67.150474542102
90.63036502478616,-67.22886768988879
91.59009972531084,-67.11130380642477
92.60853885291908,-67.18969695421154
93.54863650917284,-67.20928232205016
94.17541995644096,-67.11130380642477
95.01759077350161,-67.17011158637293
95.7814717956401,-67.38565398546233
96.68239871621662,-67.2485047341597
97.75964562377298,-67.2485047341597
98.68020958862044,-67.11130380642477
99.718182407635,-67.2485047341597
100.3841882670127,-66.91534677517399
100.8933561543845,-66.58224049262057
101.5788957051685,-66.30789031358302
102.8324109232725,-65.56328460068941
103.4786763855146,-65.70048552842434
104.2425574076531,-65.9747840310296
104.9084599141662,-66.32752735785392
106.1815605001088,-66.9349321430126
107.1608805684721,-66.95456918728351
108.0813928568872,-66.95456918728351
109.1586397644436,-66.83700530381951
110.2358349955677,-66.69980437608459
111.0584721212221,-66.42550587347932
111.7439599955737,-66.13157032660314
112.8603776388074,-66.09234791449362
113.6046732931072,-65.8768055154042
114.388088006652,-66.07276254665499
114.8973075704561,-66.38628346136979
115.6023808126465,-66.69980437608459
116.6991614116092,-66.66063364040734
117.3847009623932,-66.91534677517399
118.5794600769813,-67.17011158637293
119.832923618653,-67.26809010199831
120.8709997905321,-67.18969695421154
121.6544145040769,-66.87617603949674
122.3203686870223,-66.56265512478195
123.2212956075988,-66.48426197699517
124.1222742046076,-66.6214629047301
125.1602470236222,-66.7193897439232
126.1003963563082,-66.56265512478195
127.0014266297493,-66.56265512478195
127.8827681824873,-66.66063364040734
128.8032804709024,-66.75861215603274
129.7042590679112,-66.58224049262057
130.7814542990353,-66.42550587347932
131.7999451030759,-66.38628346136979
132.9358964377158,-66.38628346136979
133.8564604025632,-66.2883049457444
134.7573873231398,-66.20996347438991
135.0315824728804,-65.72007089626295
135.0707532085577,-65.30857146592277
135.6974849793936,-65.58286996852803
135.8738049663734,-66.03359181097775
136.2067045431976,-66.44509124131794
136.618048944241,-66.77819752387136
137.4602714377339,-66.95456918728351
138.5962227723739,-66.89576140733537
139.9084424175614,-66.87617603949674
140.8094210145702,-66.81736825954859
142.1216923361901,-66.81736825954859
143.0618416688761,-66.79778289170997
144.3740613140636,-66.83700530381951
145.490427280865,-66.91534677517399
146.1955521994876,-67.22886768988879
145.9996985211014,-67.60119638455173
146.6460673362081,-67.89513193142791
147.7232625673323,-68.13025969835593
148.8396285341336,-68.38502450955487
150.1323144879148,-68.56129282010245
151.4837048687796,-68.71813079210828
152.5022473492524,-68.87481373481724
153.6381986838924,-68.89450245552044
154.2845674989991,-68.56129282010245
155.1658573753047,-68.83564299914
155.9297900738755,-69.14921559028708
156.8111316266134,-69.38429168078282
158.0255277854724,-69.48227019640821
159.1810128115187,-69.59983407987222
159.6706986839165,-69.9917481423738
160.8066500185565,-70.22687590930181
161.5704793642627,-70.57961923612615
162.6868970074962,-70.7363538552674
163.8424337099748,-70.71676848742878
164.9196806175312,-70.77552459094464
166.1144397321194,-70.75593922310601
167.3090954938429,-70.83433237089278
168.4256164899411,-70.97148162219543
169.4635893089557,-71.20666106555574
170.5016654808348,-71.40261809680652
171.2067903994575,-71.6965019672504
171.0892265159935,-72.08841602975197
170.5604215843507,-72.44115935657629
170.1099581240624,-72.89182952259372
169.757369826535,-73.24452117298577
169.2873209984081,-73.65602060332596
167.9751013532206,-73.8128068988995
167.3874886416297,-74.16549854929153
166.0948026878485,-74.38104094838093
165.6443909039925,-74.7729550108825
164.9588513532085,-75.14528370554545
164.2341927431796,-75.45880462026025
163.8227966657039,-75.87030405060044
163.5682385602342,-76.24258106883109
163.4702600446088,-76.69330291128081
163.4898970888798,-77.06557992951147
164.0578727561997,-77.45744231558074
164.2733634788568,-77.82977101024369
164.7434639834159,-78.18251433706801
166.6041256045172,-78.31961191193835
166.9957812848573,-78.75074838654946
165.1938757672719,-78.90748300569071
163.6662170758595,-79.12302540478011
161.7663847190811,-79.16224781688965
160.9241622255882,-79.73048186637108
160.7478939150406,-80.20073740022713
160.3169641461587,-80.57306609489008
159.7882108909482,-80.94539478955303
161.1200159039744,-81.27850107210645
161.6292871442108,-81.69000050244662
162.4909916526778,-82.06227752067728
163.7053361351045,-82.39543547966299
165.0959489280788,-82.70895639437781
166.6041256045172,-83.02247730909258
168.895665318068,-83.33599822380738
169.4047815290076,-83.82589080193435
172.2839339541492,-84.04143320102375
172.477048781624,-84.11791432081571
173.2240832868353,-84.4137102192544
175.985671828513,-84.15899708448775
178.2772115420639,-84.47251799920255
180.0,-84.71337999999999
,
-180.0,68.96363636363635
-177.550009732146,68.19999766709829
-174.92825,67.20589000000001
-175.01425,66.58435
-174.33983,66.33556
-174.57182,67.06219
-171.85731,66.91308000000001
-169.89958,65.97724
-170.89107,65.54138999999999
-172.53025,65.43791
-172.555,64.46079
-172.95533,64.25269
-173.89184,64.2826
-174.65392,64.63125000000001
-175.98353,64.92288
-176.20716,65.35667000000001
-177.22266,65.52024
-178.35993,65.39052000000001
-178.90332,65.74044
-178.68611,66.11211
-179.88377,65.87456
-179.43268,65.40411
-180.0,64.9797087021984
,
-180.0,71.51571433642827
-179.871875,71.55762000000001
-179.02433,71.55553
-177.577945,71.26948
-177.663575,71.13277000000001
-178.69378,70.89302
-180.0,70.83219920854673
,
180.0000000000001,70.83219920854673
178.903425,70.78114000000001
178.7253,71.0988
180.0000000000001,71.51571433642829
,
180.0,-16.5552165666392
179.3641426619641,-16.80135407694688
178.7250593629971,-17.01204167436804
178.5968385951171,-16.63915
179.0966093629971,-16.4339842775474
179.4135093629971,-16.3790542775474
180.0,-16.06713266364245
,
-61.19999999999999,-51.84999999999999
-60.00000000000003,-51.24999999999996
-59.14999999999995,-51.5
-58.55000000000004,-51.10000000000005
-57.75000000000003,-51.54999999999998
-58.05000000000004,-51.89999999999996
-59.40000000000001,-52.19999999999997
-59.85000000000002,-51.84999999999999
-60.69999999999999,-52.3
-61.19999999999999,-51.84999999999999
,
68.93499999999997,-48.62500000000004
69.58000000000007,-48.94000000000002
70.525,-49.065
70.56000000000003,-49.255
70.28000000000006,-49.71
68.74500000000003,-49.77500000000003
68.72000000000006,-49.24250000000002
68.86750000000004,-48.83000000000001
68.93499999999997,-48.62500000000004
,
178.1255700000001,-17.50481
178.3736000000001,-17.33991999999999
178.71806,-17.62846000000001
178.55271,-18.15058999999997
177.9326600000001,-18.28798999999999
177.38146,-18.16432000000002
177.28504,-17.72465000000002
177.67087,-17.38114000000002
178.1255700000001,-17.50481
,
-61.68000000000001,10.76000000000003
-61.10499999999993,10.89
-60.89499999999998,10.85499999999999
-60.93499999999997,10.11000000000004
-61.76999999999998,10.00000000000003
-61.95000000000002,10.08999999999999
-61.65999999999997,10.36499999999998
-61.68000000000001,10.76000000000003
,
-155.40214,20.07974999999999
-155.22452,19.99302000000004
-155.06226,19.85910000000001
-154.80741,19.50871000000001
-154.83147,19.45327999999999
-155.22217,19.23972000000001
-155.54211,19.08347999999999
-155.68817,18.91619
-155.93665,19.05939000000002
-155.90806,19.33887999999999
-156.07347,19.70293999999997
-156.02368,19.81422000000001
-155.85008,19.97728999999998
-155.91907,20.17395000000002
-155.86108,20.26720999999998
-155.78505,20.24870000000003
-155.40214,20.07974999999999
,
-155.99566,20.76403999999995
-156.07926,20.64397000000004
-156.41445,20.57241
-156.58673,20.78300000000002
-156.70167,20.86430000000001
-156.71055,20.92676000000002
-156.61258,21.01249
-156.25711,20.91745000000002
-155.99566,20.76403999999995
,
-156.75824,21.17684000000001
-156.78933,21.06872999999997
-157.32521,21.09776999999997
-157.25027,21.21957999999997
-156.75824,21.17684000000001
,
-158.0252,21.71695999999999
-157.94161,21.65272000000004
-157.6528300000001,21.32216999999999
-157.70703,21.26442000000003
-157.7786,21.27728999999998
-158.12667,21.31243999999997
-158.2538,21.53918999999999
-158.29265,21.57911999999997
-158.0252,21.71695999999999
,
-159.36569,22.21493999999998
-159.34512,21.98200000000001
-159.46372,21.88298999999999
-159.80051,22.06533000000002
-159.74877,22.1382
-159.5962,22.23617999999996
-159.36569,22.21493999999998
,
-78.19086999999995,25.21029999999998
-77.88999999999999,25.17000000000003
-77.54,24.34
-77.53465999999995,23.75975000000004
-77.77999999999997,23.71000000000005
-78.03405000000001,24.28614999999998
-78.40848000000003,24.57564000000001
-78.19086999999995,25.21029999999998
,
-78.98000000000002,26.78999999999998
-78.50999999999996,26.86999999999998
-77.85,26.84000000000005
-77.81999999999998,26.58000000000003
-78.91000000000001,26.42000000000004
-78.98000000000002,26.78999999999998
,
-77.78999999999995,27.04000000000002
-77.00000000000001,26.59
-77.17255000000003,25.87917999999998
-77.35640999999995,26.00735000000005
-77.34000000000003,26.52999999999996
-77.78802,26.92516000000002
-77.78999999999995,27.04000000000002
,
-64.01485999999994,47.03601000000005
-63.66450000000003,46.55001000000006
-62.9393,46.41587000000003
-62.01208000000003,46.44314000000003
-62.50391000000002,46.03339
-62.87432999999996,45.96818
-64.1428,46.39265000000002
-64.39261000000005,46.72746999999997
-64.01485999999994,47.03601000000005
,
46.68201000000002,44.60919999999999
47.67591000000002,45.64149000000002
48.64541,45.80628999999996
49.10116000000008,46.39933000000001
50.03408328634254,46.60898997658228
51.19194542827424,47.04870473895377
52.04202273947556,46.80463694923931
53.04273685080764,46.85300608986445
53.22086551291781,46.23464590105992
53.04087649924517,45.25904653582164
52.16738976421564,45.40839142514518
51.31689904155601,45.24599823666794
51.27850345236317,44.51485423438635
50.30564293803627,44.6098355169388
50.33912926616142,44.28401561133855
50.89129194520007,44.03103363705367
51.34242719910822,43.13297475846942
52.50142622255029,42.79229787858519
52.69211225770729,42.44389537207336
52.44633914572725,42.02715078385555
52.50246000000007,41.78333000000005
52.81468875510362,41.13537059179471
52.91674970888008,41.86811656347736
53.72171349469059,42.12319143327005
54.00831098818136,41.55121084244742
54.73684533063224,40.95101491959345
53.85813927594111,40.63103445084219
52.91525109234365,40.87652334244474
52.69397260926982,40.03362905533201
53.3578080584912,39.97528636327449
53.10102786643299,39.29057363540716
53.88092858258184,38.95209300389533
53.7355111021125,37.90613617609171
53.92159793479559,37.19891836196128
53.8257898293264,36.96503082940825
52.26402469260145,36.70042165785767
50.84235436381977,36.87281423598338
50.14777143738462,37.37456655532137
49.19961225769333,37.58287425388988
48.88327000000001,38.32026000000003
48.85653242370762,38.81548635513184
49.22322838725077,39.0492188583879
49.39525923035038,39.39948171646222
49.56920210144483,40.17610097916069
50.39282107931265,40.25656118423917
50.08482954285313,40.52615713150584
49.61891482930957,40.57292430272994
49.11026370626072,41.2822866888005
48.58437000000006,41.80888000000003
47.49251999999998,42.98657999999998
47.59094000000005,43.66016000000002
46.68201000000002,44.60919999999999
,
-64.51911999999999,49.87304000000002
-64.17321999999996,49.95717999999998
-62.85829000000001,49.70641000000001
-61.83558500000001,49.28855000000006
-61.80630499999995,49.10506000000001
-62.29317999999995,49.08717000000003
-63.58925999999997,49.40069000000003
-64.51911999999999,49.87304000000002
,
-80.31539500000002,62.085565
-79.92939000000001,62.38559999999998
-79.52001999999997,62.36370999999997
-79.26581999999998,62.15867500000004
-79.65752,61.63307999999998
-80.09956,61.71810000000002
-80.36215,62.01649000000006
-80.31539500000002,62.085565
,
-83.99366999999997,62.45280000000005
-83.25047999999994,62.91409000000002
-81.87699,62.90457999999998
-81.89825000000003,62.71080000000003
-83.06856999999998,62.15922
-83.77462000000004,62.18231
-83.99366999999997,62.45280000000005
,
-75.21596999999997,67.44425000000004
-75.86587999999998,67.14885999999998
-76.98686999999997,67.09872999999999
-77.23640000000002,67.58809
-76.81165999999996,68.14856
-75.89520999999999,68.28720999999999
-75.11449999999999,68.01035999999996
-75.10333000000003,67.58202000000003
-75.21596999999997,67.44425000000004
,
-96.55740120380052,69.68003035832177
-95.64768864557942,69.10769485484937
-96.26951115534747,68.75704442353285
-97.61740120380054,69.06003035832177
-98.43180811173642,68.9507018535466
-99.79740120380052,69.4000303583218
-98.9174115459831,69.71003534964345
-98.21825525529017,70.14352310192382
-97.15740120380055,69.86003035832178
-96.55740120380052,69.68003035832177
,
-106.5225880603124,73.07600495064645
-105.4024497139537,72.67259288195999
-104.774839443769,71.69841461860969
-104.4647550118016,70.99297964139336
-102.7853743151802,70.49776439074031
-100.9807816231157,70.02430491808215
-101.0893021309287,69.58448680284607
-102.7311657377061,69.50402659776759
-102.0932976957113,69.11960561794837
-102.4302538724705,68.75280630154063
-104.24,68.90999999999997
-105.96,69.18000000000004
-107.122551439221,69.11924388292226
-109.0,68.78
-111.5341488752002,68.63005915681794
-113.3132000000001,68.53554000000005
-113.8549570382063,69.00744192165885
-115.22,69.28
-116.1079461332674,69.16820730251885
-117.34,69.96000000000001
-116.6747332426447,70.06652456326464
-115.1311323718703,70.23731517198931
-113.721399298948,70.19235667589533
-112.4161042956875,70.36635122342207
-114.3499914213463,70.60000621202985
-116.4868377348314,70.52045034451646
-117.9048131987043,70.54055247667799
-118.4323778959721,70.90921214464822
-116.1131137764966,71.30918773058735
-117.6556811186252,71.29518341743628
-119.4019827950645,71.55857819282792
-118.562680019996,72.3078347846278
-117.8664176095115,72.70595001900435
-115.1890874906857,73.31459503853804
-114.1671602038976,73.12145437284715
-114.666328701621,72.65277497017601
-112.4410123360523,72.95539215767721
-111.0503995430779,72.45041006132107
-109.9203393217192,72.96112824166164
-109.0065449695021,72.63334463163432
-108.1883520170248,71.65087230090117
-107.6859795804994,72.06547231717886
-108.3964013334319,73.08954417590695
-107.5164550443658,73.23599518502203
-106.5225880603124,73.07600495064645
,
-79.77583312988281,72.80290222167974
-80.8760986328125,73.33318328857422
-80.83388519287114,73.69318389892578
-80.35305786132808,73.75971984863287
-78.06443786621091,73.65193176269534
-76.33999999999996,73.1026849899531
-76.25140380859372,72.82638549804685
-77.31443786621097,72.85554504394537
-78.39167022705078,72.87665557861328
-79.48625183105473,72.74220275878906
-79.77583312988281,72.80290222167974
,
139.86312,73.36983000000001
140.81171,73.76506
142.06207,73.85758000000004
143.48283,73.47524999999999
143.60385,73.21243999999999
142.08763,73.20543999999998
140.038155,73.31692000000007
139.86312,73.36983000000001
,
148.22223,75.345845
150.73167,75.08406
149.5759250000001,74.68892
147.977465,74.778355
146.1191900000001,75.17298000000005
146.358485,75.49682000000001
148.22223,75.345845
,
138.831075,76.13676000000007
141.471615,76.09288999999995
145.0862850000001,75.56262500000005
144.3,74.82000000000005
140.61381,74.84768000000005
138.95544,74.61147999999997
136.97439,75.26167000000007
137.51176,75.94917000000007
138.831075,76.13676000000007
,
-98.57700069862696,76.58860708282197
-98.50000000000001,76.71999999999997
-97.73558500000001,76.25656000000001
-97.704415,75.74343999999999
-98.16,74.99999999999997
-99.8087343005199,74.8974441596381
-100.8836557686232,75.0573568793653
-100.862907681058,75.6407579617244
-102.5020841133562,75.56381175404184
-102.5655169339945,76.33658112253448
-101.4897428047584,76.30536855743023
-99.9834781563149,76.64632965769201
-98.57700069862696,76.58860708282197
,
102.8378150000001,79.28129000000001
105.37243,78.71333999999999
105.07547,78.30688999999998
99.43814000000006,77.92100000000008
101.2649,79.23398999999998
102.0863500000001,79.34641000000002
102.8378150000001,79.28129000000001
,
93.77766,81.02460000000002
95.94089499999998,81.25040000000004
97.88384999999997,80.74697499999999
100.1866550000001,79.780135
99.93976000000006,78.88093999999998
97.75794000000005,78.7562
94.97259000000005,79.044745
93.31287999999998,79.4265
92.5454,80.14378999999997
91.18107000000006,80.34145999999998
93.77766,81.02460000000002
,
-96.01643347856468,80.60231557893178
-95.32345252153067,80.9072840441022
-94.2984246488052,80.9772797716416
-94.73542639848141,81.20646474885606
-92.40983191605021,81.25739187287974
-91.13288143590192,80.72344513622392
-87.80999999999996,80.32000000000002
-87.02000000000002,79.66000000000005
-85.81434302442231,79.33691478140074
-87.18756669793036,79.0393102078317
-89.03536088739085,78.28721141225586
-90.80434851760629,78.21532949493786
-92.87667680537506,78.34333201772486
-93.95115902380383,78.7510073920754
-93.93573360876466,79.11372427033211
-93.14523922399587,79.38011627879672
-94.97399064815679,79.37246816681753
-96.0761455960779,79.70500600861567
-96.70972449419241,80.15776907014097
-96.01643347856468,80.60231557893178
,
-91.58702000000002,81.89429000000004
-90.09999999999995,82.0850000000001
-88.93226999999999,82.11751000000004
-86.97024000000002,82.27961000000005
-85.50000000000001,82.65227345805701
-84.26000500000004,82.60000000000002
-83.18,82.31999999999996
-82.42,82.86000000000004
-81.09999999999997,83.02000000000004
-79.30663999999996,83.13056
-76.24999999999999,83.1720588235294
-75.71878000000004,83.06403999999998
-72.83152999999999,83.23324000000002
-70.66576500000002,83.16978075838281
-68.50000000000003,83.10632151676572
-65.82734999999997,83.02801000000002
-63.67999999999998,82.90000000000003
-61.84999999999997,82.62860000000003
-61.89388000000002,82.36165000000008
-64.334,81.92775000000009
-66.75342,81.72527
-67.65754999999999,81.50140999999999
-65.48031000000003,81.50657000000007
-67.83999999999997,80.90000000000009
-69.46970000000002,80.61683000000002
-71.18,79.79999999999998
-73.24280000000002,79.63415000000003
-73.88,79.43016220480209
-76.90772999999999,79.32309000000001
-75.52923999999999,79.19766000000007
-76.22046000000002,79.01907
-75.39344999999994,78.52580999999998
-76.34354000000003,78.18295999999998
-77.88850999999998,77.89990999999998
-78.36268999999996,77.50859000000003
-79.75951000000003,77.20967999999996
-79.61965000000004,76.98336
-77.91089000000004,77.02204499999999
-77.88910999999997,76.77795499999999
-80.56125000000003,76.17812000000004
-83.17438999999999,76.45402999999999
-86.11184000000003,76.29901000000004
-87.60000000000001,76.41999999999996
-89.49068,76.47238999999996
-89.6161,76.95212999999998
-87.76739000000002,77.17832999999999
-88.25999999999998,77.89999999999998
-87.64999999999998,77.9702222222223
-84.97634000000002,77.53873000000002
-86.34000000000002,78.18000000000004
-87.96192000000002,78.37181000000004
-87.15198000000004,78.75867000000002
-85.37867999999997,78.99690000000001
-85.09495000000003,79.34543000000002
-86.50733999999997,79.73623999999998
-86.93179000000002,80.25144999999998
-84.19844,80.20836000000003
-83.4086956521739,80.1
-81.84823,80.46442000000002
-84.1,80.58000000000004
-87.59895,80.51627000000002
-89.36663000000003,80.85569000000001
-90.19999999999999,81.26000000000005
-91.36785999999996,81.55309999999997
-91.58702000000002,81.89429000000004
,
-46.76379000000003,82.62796000000003
-43.40644,83.22516000000002
-39.89752999999996,83.18017999999998
-38.62213999999997,83.54905000000005
-35.08786999999995,83.64513
-27.10046,83.51966000000004
-20.84539000000001,82.72669000000005
-22.69181999999998,82.34165000000002
-26.51752999999997,82.29765
-31.89999999999995,82.19999999999999
-31.39645999999999,82.02154000000002
-27.85666000000001,82.13177999999999
-24.84448000000003,81.78697
-22.90328000000002,82.09316999999999
-22.07174999999998,81.73449
-23.16961000000003,81.15271000000001
-20.62363000000002,81.52462000000006
-15.76818000000003,81.91244999999998
-12.77018000000001,81.71885
-12.20854999999995,81.29154000000003
-16.28532999999996,80.58003999999997
-16.84999999999994,80.35000000000005
-20.04623999999998,80.17708000000007
-17.73035000000004,80.12912000000003
-18.89999999999998,79.40000000000003
-19.70499000000001,78.75127999999998
-19.67353,77.63859
-18.47284999999999,76.98565000000002
-20.03502999999998,76.94433999999998
-21.67944,76.62795000000003
-19.83406999999997,76.09808000000004
-19.59895999999995,75.24838
-20.66817999999998,75.15585000000004
-19.37281000000002,74.29561000000004
-21.59422000000004,74.22381999999999
-20.43454,73.81713000000002
-20.76233999999997,73.46436
-22.17220999999998,73.30955
-23.56592999999998,73.30663000000007
-22.31310999999994,72.62928000000002
-22.29954000000001,72.18409
-24.27834000000001,72.59787999999998
-24.79295999999997,72.33020000000002
-23.44296,72.08016000000003
-22.13280999999998,71.46898000000002
-21.75356000000002,70.66369000000003
-23.53602999999995,70.47100000000003
-24.30701999999997,70.85649000000006
-25.54341000000002,71.43094000000002
-25.20134999999999,70.75226000000006
-26.36276000000001,70.22646000000003
-23.72741999999997,70.18401
-22.34902000000002,70.12946000000005
-25.02926999999997,69.25880000000004
-27.74736999999996,68.47045999999997
-30.67371,68.12503000000001
-31.77664999999999,68.12078
-32.81104999999999,67.73547000000002
-34.20196000000001,66.67973999999998
-36.35283999999996,65.97889999999998
-37.04378,65.93768000000003
-38.37505000000002,65.69213000000002
-39.81222,65.45848000000001
-40.66898999999995,64.83997000000005
-40.68280999999999,64.13901999999999
-41.18869999999998,63.48245999999997
-42.81937999999997,62.68233000000006
-42.41666000000001,61.90092999999999
-42.86618999999996,61.07404
-43.3784,60.09771999999998
-44.78749999999994,60.03676000000002
-46.26363999999998,60.85328000000007
-48.26294000000001,60.85843000000003
-49.23308,61.40681000000006
-49.90038999999996,62.38336000000001
-51.63324999999995,63.62691000000004
-52.14014,64.27842000000001
-52.27659000000003,65.17670000000001
-53.66166000000001,66.09956999999997
-53.30160999999998,66.83650000000003
-53.96910999999994,67.18898999999999
-52.9804,68.35758999999999
-51.47535999999994,68.72958
-51.08041000000003,69.14781000000002
-50.87121999999994,69.92910000000003
-52.01358499999998,69.57492500000004
-52.55792,69.42616000000007
-53.45628999999997,69.28362499999997
-54.68335999999999,69.61003000000002
-54.75001000000003,70.28932
-54.35883999999996,70.82131500000006
-53.43131499999998,70.83575500000003
-51.39013999999997,70.56978000000001
-53.10937000000001,71.20484999999996
-54.00422,71.54719000000006
-54.99999999999994,71.40653696727259
-55.83467999999996,71.65444
-54.71818999999996,72.58625000000006
-55.32633999999993,72.95861000000005
-56.12003000000001,73.64976999999999
-57.32363000000001,74.71026000000006
-58.59678999999997,75.09861000000004
-58.58515999999995,75.51727
-61.26861,76.10238000000001
-63.39164999999994,76.17520000000002
-66.06427000000002,76.13486000000006
-68.50437999999997,76.06141000000005
-69.66485,76.37974999999997
-71.40257000000003,77.00856999999999
-68.77671000000001,77.32312000000005
-66.76397000000003,77.37595000000005
-71.04293000000001,77.63595000000007
-73.29699999999997,78.04419000000004
-73.15937999999994,78.43271000000004
-69.37345000000002,78.91387999999998
-65.71069999999997,79.39436000000003
-65.32389999999998,79.75814000000003
-68.02297999999999,80.11721000000003
-67.15128999999996,80.51581999999999
-63.68924999999999,81.21395999999999
-62.23444000000001,81.32109999999997
-62.65116000000003,81.77042000000003
-60.28248999999997,82.03362999999999
-57.20743999999996,82.19074000000003
-54.13441999999998,82.19961999999998
-53.04328000000004,81.88833000000002
-50.39060999999998,82.43882999999997
-48.00386,82.06481000000005
-46.59983999999997,81.98594499999999
-44.52300000000002,81.66070000000002
-46.9007,82.19979000000004
-46.76379000000003,82.62796000000003
,
-106.6,73.60000000000001
-105.26,73.64
-104.5,73.42
-105.38,72.76
-106.94,73.46000000000001
-106.6,73.60000000000001
